1/20/2005,0.00,0.00,7613215612328.37
1/21/2005,0.00,0.00,7614468360651.30
1/24/2005,0.00,0.00,7617000567690.18
1/25/2005,0.00,0.00,7621293891611.15
1/26/2005,0.00,0.00,7622132208684.54
1/27/2005,0.00,0.00,7622881562657.29
1/28/2005,0.00,0.00,7618730431059.26
1/31/2005,4428221052835.58,3199521544939.83,7627742597775.41
2/1/2005,0.00,0.00,7617788851367.86
2/2/2005,0.00,0.00,7623071102004.12
2/3/2005,0.00,0.00,7616792798166.73
2/4/2005,0.00,0.00,7617143521850.79
2/7/2005,0.00,0.00,7619279742372.58
2/8/2005,0.00,0.00,7623393028778.05
2/9/2005,0.00,0.00,7616820218489.46
2/10/2005,0.00,0.00,7629245507947.33
2/11/2005,0.00,0.00,7634843745683.79
2/14/2005,0.00,0.00,7630849109540.36
2/15/2005,0.00,0.00,7674137053033.57
2/16/2005,0.00,0.00,7671700332790.18
2/17/2005,0.00,0.00,7689847469266.70
2/18/2005,0.00,0.00,7689935780269.27
2/22/2005,0.00,0.00,7692366884904.27
2/23/2005,0.00,0.00,7695332252248.05
2/24/2005,0.00,0.00,7717009809507.08
2/25/2005,0.00,0.00,7714238537006.56
2/28/2005,4508287643340.95,3204850030323.76,7713137673664.71
3/1/2005,0.00,0.00,7701629503518.55
3/2/2005,0.00,0.00,7708311813268.56
3/3/2005,0.00,0.00,7727838587832.87
3/4/2005,0.00,0.00,7727828210964.80
3/7/2005,0.00,0.00,7730125106692.41
3/8/2005,0.00,0.00,7746290500431.39
3/9/2005,0.00,0.00,7740158294686.20
3/10/2005,0.00,0.00,7750514131991.34
3/11/2005,0.00,0.00,7750081762463.88
3/14/2005,0.00,0.00,7750798505596.03
3/15/2005,0.00,0.00,7756254388854.12
3/16/2005,0.00,0.00,7755070133634.15
3/17/2005,0.00,0.00,7773614003547.15
3/18/2005,0.00,0.00,7774246242908.36
3/21/2005,0.00,0.00,7775600756049.73
3/22/2005,0.00,0.00,7780503572144.78
3/23/2005,0.00,0.00,7780539535462.15
3/24/2005,0.00,0.00,7784834892156.63
3/25/2005,0.00,0.00,7784463865860.34
3/28/2005,0.00,0.00,7785372962554.39
3/29/2005,0.00,0.00,7790295209638.08
3/30/2005,0.00,0.00,7786606686259.96
3/31/2005,4572715640119.20,3204223407550.94,7776939047670.14
4/4/2005,4597839825974.99,3182942622091.82,7780782448066.81
4/5/2005,4598953967857.68,3183862578494.61,7782816546352.29
4/6/2005,4600104964187.60,3182316934668.54,7782421898856.14
4/7/2005,4605268977787.14,3182740485972.74,7788009463759.88
4/8/2005,4605367450493.05,3183963426697.97,7789330877191.02
4/11/2005,4605072816351.83,3184551256836.21,7789624073188.04
4/12/2005,4606517912031.95,3188592648074.12,7795110560106.07
4/13/2005,4607308686020.73,3185299110195.56,7792607796216.29
4/14/2005,4598939171016.08,3187621801550.19,7786560972566.27
4/15/2005,4583317267139.11,3193531883779.80,7776849150918.91
4/18/2005,4576335173338.30,3197054052115.76,7773389225454.06
4/19/2005,4577227612223.83,3204308763946.82,7781536376170.65
4/20/2005,4578249401863.92,3203146084343.38,7781395486207.30
4/21/2005,4556209660277.03,3207479000115.79,7763688660392.82
4/22/2005,4556502168186.65,3208302340727.50,7764804508914.15
4/25/2005,4556083679350.23,3212994389951.66,7769078069301.89
4/26/2005,4556957253093.75,3218064080805.68,7775021333899.43
4/27/2005,4557909725871.00,3217462222258.31,7775371948129.31
4/28/2005,4542049089054.39,3215022315336.94,7757071404391.33
4/29/2005,4551064845424.92,3213472491939.22,7764537337364.14
5/2/2005,4546739012733.11,3207840725415.57,7754579738148.68
5/3/2005,4547730002742.11,3209966822292.11,7757696825034.22
5/4/2005,4548711150833.14,3211422951794.77,7760134102627.91
5/5/2005,4531905235595.58,3216091216729.80,7747996452325.38
5/6/2005,4531608225762.28,3215973066170.05,7747581291932.33
5/9/2005,4531836553829.15,3218928151525.60,7750764705354.75
5/10/2005,4533946602207.79,3223877957548.61,7757824559756.40
5/11/2005,4534378601622.18,3220111817683.94,7754490419306.12
5/12/2005,4522894651088.00,3222388647785.13,7745283298873.13
5/13/2005,4523019540220.61,3222763146796.35,7745782687016.96
5/16/2005,4534012009343.66,3229542598610.01,7763554607953.67
5/17/2005,4535546143887.13,3236188331323.45,7771734475210.58
5/18/2005,4536270165000.87,3232110074101.01,7768380239101.88
5/19/2005,4534508237892.48,3235132312145.63,7769640550038.11
5/20/2005,4534920028902.33,3233511169229.88,7768431198132.21
5/23/2005,4535416964752.70,3233496293839.08,7768913258591.78
5/24/2005,4536769416059.70,3239889265636.60,7776658681696.30
5/25/2005,4537090277580.35,3234869491608.86,7771959769189.21
5/26/2005,4543739869876.51,3237633472068.29,7781373341944.80
5/27/2005,4544044277307.43,3234360829080.46,7778405106387.89
5/31/2005,4542377939314.92,3235502213279.97,7777880152594.89
6/1/2005,4550568725094.31,3224985092537.70,7775553817632.01
6/2/2005,4553647684242.78,3221083343981.07,7774731028223.85
6/3/2005,4569753522197.36,3212474261916.08,7782227784113.44
6/6/2005,4569607088833.25,3213025623251.11,7782632712084.36
6/7/2005,4579469435180.25,3216160421368.96,7795629856549.21
6/8/2005,4580286124993.56,3212000368926.39,7792286493919.95
6/9/2005,4581582772609.24,3218076914432.13,7799659687041.37
6/10/2005,4581670612952.20,3217337887038.84,7799008499991.04
6/13/2005,4581778411722.67,3218834693731.38,7800613105454.05
6/14/2005,4582222942012.06,3222311463425.42,7804534405437.48
6/15/2005,4565925469386.90,3220514065060.67,7786439534447.57
6/16/2005,4557844526138.15,3221779445515.21,7779623971653.36
6/17/2005,4557816423682.11,3224175628871.28,7781992052553.39
6/20/2005,4557357112906.58,3224798023091.45,7782155135998.03
6/21/2005,4558139611718.57,3228906800678.67,7787046412397.24
6/22/2005,4558482780344.91,3227431017194.39,7785913797539.30
6/23/2005,4542196231173.77,3231374649385.05,7773570880558.82
6/24/2005,4542286754225.97,3231929090249.03,7774215844475.00
6/27/2005,4543029356238.66,3232345778287.35,7775375134526.01
6/28/2005,4543794261221.77,3236340852939.66,7780135114161.43
6/29/2005,4544819949684.21,3231615406910.79,7776435356595.00
6/30/2005,4527696944757.64,3308798843328.22,7836495788085.86
7/1/2005,4540422635482.90,3286883628804.63,7827306264287.53
7/5/2005,4540536180487.53,3296853986643.66,7837390167131.19
7/6/2005,4541602537480.96,3300423628564.43,7842026166045.39
7/7/2005,4538825878142.51,3299584922488.00,7838410800630.51
7/8/2005,4538872821548.45,3299338908057.73,7838211729606.18
7/11/2005,4538835860631.16,3299992234898.31,7838828095529.47
7/12/2005,4540677214679.14,3302919371558.57,7843596586237.71
7/13/2005,4541203271682.54,3298411631054.76,7839614902737.30
7/14/2005,4548587694858.07,3299737118192.78,7848324813050.85
7/15/2005,4552272015496.61,3299847827449.62,7852119842946.23
7/18/2005,4552108672703.45,3301481819120.60,7853590491824.05
7/19/2005,4552672295094.17,3307436745455.28,7860109040549.45
7/20/2005,4553466330476.67,3303779987271.32,7857246317747.99
7/21/2005,4562181940949.04,3306460188927.24,7868642129876.28
7/22/2005,4562508698211.23,3306698768686.40,7869207466897.63
7/25/2005,4562615908317.39,3306747159279.89,7869363067597.28
7/26/2005,4563807537743.20,3312138941956.52,7875946479699.72
7/27/2005,4564517128828.69,3307365622951.79,7871882751780.48
7/28/2005,4574954416950.97,3304078105741.34,7879032522692.31
7/29/2005,4580783743975.33,3306833837220.25,7887617581195.58
8/1/2005,4573714859303.10,3295806762643.95,7869521621947.05
8/2/2005,4574360519109.69,3303141151713.17,7877501670822.86
8/3/2005,4575036598360.85,3294267687351.66,7869304285712.51
8/4/2005,4580789852544.00,3297944889794.35,7878734742338.35
8/5/2005,4580707954461.04,3299304430744.48,7880012385205.52
8/8/2005,4580884219639.65,3301693023871.45,7882577243511.10
8/9/2005,4581144051313.50,3302428260109.36,7883572311422.86
8/10/2005,4582007445924.73,3298071262161.64,7880078708086.37
8/11/2005,4583717920470.52,3299565446319.27,7883283366789.79
8/12/2005,4583660519593.95,3298813098542.75,7882473618136.70
8/15/2005,4607527001505.81,3303478562967.96,7911005564473.77
8/16/2005,4608929036610.64,3307556123663.17,7916485160273.81
8/17/2005,4610657763418.43,3305749178463.77,7916406941882.20
8/18/2005,4614065216909.16,3311676283012.75,7925741499921.91
8/19/2005,4614007828940.76,3312117578161.98,7926125407102.74
8/22/2005,4614040733313.79,3312739220810.98,7926779954124.77
8/23/2005,4614115096553.20,3318252997912.00,7932368094465.20
8/24/2005,4615283424590.76,3314395553068.63,7929678977659.39
8/25/2005,4618266953578.86,3314429470705.88,7932696424284.74
8/26/2005,4618337467882.36,3313838304669.62,7932175772551.98
8/29/2005,4618259515772.66,3312246775085.28,7930506290857.94
8/30/2005,4618915282915.39,3311131015008.40,7930046297923.79
8/31/2005,4614279354560.18,3312654019984.63,7926933374544.81
9/1/2005,4628364886066.73,3301293397823.55,7929658283890.28
9/2/2005,4648557341522.36,3291901567733.46,7940458909255.82
9/6/2005,4648288455446.31,3294006776842.31,7942295232288.62
9/7/2005,4650047921473.74,3297552983256.97,7947600904730.71
9/8/2005,4654501846125.29,3295389593205.03,7949891439330.32
9/9/2005,4654600454072.39,3295825783335.70,7950426237408.09
9/12/2005,4654515906094.90,3295518749653.13,7950034655748.03
9/13/2005,4655247620472.88,3298933345152.64,7954180965625.52
9/14/2005,4647644262669.37,3295139660937.76,7942783923607.13
9/15/2005,4619750361792.04,3298259109642.29,7918009471434.33
9/16/2005,4619851794665.60,3300144682155.43,7919996476821.03
9/19/2005,4619993236841.67,3305042795455.92,7925036032297.59
9/20/2005,4620388197236.32,3309239505267.85,7929627702504.17
9/21/2005,4620737542680.59,3307469249986.31,7928206792666.90
9/22/2005,4611303760659.52,3309813798231.86,7921117558891.38
9/23/2005,4611345215679.76,3309352356145.67,7920697571825.43
9/26/2005,4611476135835.88,3310603852357.10,7922079988192.98
9/27/2005,4612389957206.27,3313954827441.05,7926344784647.32
9/28/2005,4612716049556.36,3309083780115.67,7921799829672.03
9/29/2005,4606272846357.54,3307739457019.06,7914012303376.60
9/30/2005,4601238726062.04,3331470935661.46,7932709661723.50
10/3/2005,4599132111648.84,3371391891623.66,7970524003272.50
10/4/2005,4598976558065.03,3379025969209.53,7978002527274.56
10/5/2005,4599795468342.59,3379194234470.43,7978989702813.02
10/6/2005,4611339915525.47,3382941659620.85,7994281575146.32
10/7/2005,4610908324352.83,3379734906823.11,7990643231175.94
10/11/2005,4611365394207.77,3379749844364.47,7991115238572.24
10/12/2005,4612150834186.70,3378479594140.55,7990630428327.25
10/13/2005,4616371850871.07,3379090536140.42,7995462387011.49
10/14/2005,4616590556967.94,3370086449882.42,7986677006850.36
10/17/2005,4624110035584.85,3372547932314.36,7996657967899.21
10/18/2005,4625430149447.35,3378467257463.89,8003897406911.24
10/19/2005,4625902844789.39,3373940507520.88,7999843352310.27
10/20/2005,4633681494377.41,3375954024339.09,8009635518716.50
10/21/2005,4633775040826.58,3375356392637.72,8009131433464.30
10/24/2005,4633573988875.70,3376485407838.26,8010059396713.96
10/25/2005,4634445135601.43,3379286763655.30,8013731899256.73
10/26/2005,4634889801466.82,3376243008658.55,8011132810125.37
10/27/2005,4648386799164.07,3377642829697.75,8026029628861.82
10/28/2005,4656128089851.09,3373928584655.15,8030056674506.24
10/31/2005,4650516371930.66,3376607032283.70,8027123404214.36
11/1/2005,4649009065277.43,3366262934900.51,8015272000177.94
11/2/2005,4649868561460.69,3371612390838.12,8021480952298.81
11/3/2005,4663907374544.58,3364297300965.94,8028204675510.52
11/4/2005,4664024317730.59,3364424783756.79,8028449101487.38
11/7/2005,4664478676837.92,3367110725523.50,8031589402361.42
11/8/2005,4664904971919.48,3371759253319.06,8036664225238.54
11/9/2005,4669335001722.22,3365275658819.42,8034610660541.64
11/10/2005,4683254699012.61,3367485071442.97,8050739770455.58
11/14/2005,4683685361161.96,3368644793090.85,8052330154252.81
11/15/2005,4688458016690.26,3377685301720.15,8066143318410.41
11/16/2005,4689818714834.81,3373772650807.87,8063591365642.68
11/17/2005,4705405763521.28,3377968718662.97,8083374482184.25
11/18/2005,4705320133080.24,3377528107969.78,8082848241050.02
11/21/2005,4705452226074.97,3379406665660.34,8084858891735.31
11/22/2005,4705946961458.35,3383057592447.37,8089004553905.72
11/23/2005,4706117233647.77,3378798599702.94,8084915833350.71
11/25/2005,4713343564966.66,3382601327404.82,8095944892371.48
11/28/2005,4713768603516.98,3385092383143.44,8098860986660.42
11/29/2005,4714388650822.12,3383316217079.26,8097704867901.38
11/30/2005,4709402951558.77,3382919254161.88,8092322205720.65
12/1/2005,4736203301662.63,3371749259057.05,8107952560719.68
12/2/2005,4754352172942.62,3363967128355.92,8118319301298.54
12/5/2005,4754239954385.12,3365256469754.13,8119496424139.25
12/6/2005,4754600281664.05,3368110506847.87,8122710788511.92
12/7/2005,4754959541504.09,3366692268302.95,8121651809807.04
12/8/2005,4762505914602.36,3368527620995.95,8131033535598.31
12/9/2005,4762582774507.13,3368707871612.30,8131290646119.43
12/12/2005,4762567006335.33,3369407065987.30,8131974072322.63
12/13/2005,4762953146587.15,3373113361552.95,8136066508140.10
12/14/2005,4764354533340.54,3367631403271.99,8131985936612.53
12/15/2005,4729594366317.19,3369693881928.46,8099288248245.65
12/16/2005,4729674360089.58,3371228942207.34,8100903302296.92
12/19/2005,4729588284913.81,3373460272602.95,8103048557516.76
12/20/2005,4730098690379.46,3377066992725.19,8107165683104.65
12/21/2005,4729828914878.94,3370198502483.38,8100027417362.32
12/22/2005,4721741050469.66,3373134012119.65,8094875062589.31
12/23/2005,4721736608028.53,3375496472891.77,8097233080920.30
12/27/2005,4721872586989.01,3378403602520.06,8100276189509.07
12/28/2005,4722775885971.50,3376980906669.74,8099756792641.24
12/29/2005,4714163354643.77,3373194204362.08,8087357559005.85
12/30/2005,4714821211003.33,3455603330310.29,8170424541313.62
1/3/2006,4716788904427.31,3437092676785.68,8153881581212.99
1/4/2006,4717387692824.11,3448471302708.26,8165858995532.37
1/5/2006,4710794044990.48,3449526446601.09,8160320491591.57
1/6/2006,4710727729604.45,3450779848589.90,8161507578194.35
1/9/2006,4710442544283.84,3449814469260.51,8160257013544.35
1/10/2006,4710167275929.91,3455480048697.78,8165647324627.69
1/11/2006,4710220160392.13,3451713550422.07,8161933710814.20
1/12/2006,4705428084771.19,3453656825297.39,8159084910068.58
1/13/2006,4705500368407.39,3453172627426.48,8158672995833.87
1/17/2006,4714120042716.31,3456404244257.62,8170524286973.93
1/18/2006,4714064196001.71,3459788103315.25,8173852299316.96
1/19/2006,4714656260069.92,3462292390488.67,8176948650558.59
1/20/2006,4714505370309.31,3461237922683.56,8175743292992.87
1/23/2006,4714136714132.98,3460134285559.75,8174270999692.73
1/24/2006,4714170574306.32,3471144502041.55,8185315076347.87
1/25/2006,4714532753768.01,3467373505627.81,8181906259395.82
1/26/2006,4718753365045.61,3471814383733.87,8190567748779.48
1/27/2006,4718766668957.14,3471608230678.61,8190374899635.75
1/30/2006,4718580942002.25,3468129520274.64,8186710462276.89
1/31/2006,4724637490626.80,3471432946972.72,8196070437599.52
2/1/2006,4722323590279.22,3460814601177.34,8183138191456.56
2/2/2006,4734860042531.41,3463766829800.79,8198626872332.20
2/3/2006,4734746647981.50,3460797479394.57,8195544127376.07
2/6/2006,4734560605294.18,3463029728862.93,8197590334157.11
2/7/2006,4734804087850.90,3466804470772.55,8201608558623.45
2/8/2006,4736135911000.16,3461898811370.08,8198034722370.24
2/9/2006,4745086008273.71,3460632968774.14,8205718977047.85
2/10/2006,4745431587067.86,3459804173008.59,8205235760076.45
2/13/2006,4745304983062.67,3460071741524.67,8205376724587.34
2/14/2006,4745514767056.19,3464071346309.64,8209586113365.83
2/15/2006,4774863765086.51,3462752256026.77,8237616021113.28
2/16/2006,4782167692473.54,3466443213976.11,8248610906449.65
2/17/2006,4778137302680.73,3470358599982.32,8248495902663.05
2/21/2006,4776808938477.54,3471228434924.30,8248037373401.84
2/22/2006,4777322883124.87,3470599796781.12,8247922679905.99
2/23/2006,4778273969992.42,3470490037098.73,8248764007091.15
2/24/2006,4774535813766.04,3474111108186.31,8248646921952.35
2/27/2006,4777367525520.20,3470928230738.99,8248295756259.19
2/28/2006,4771117050096.00,3498768465290.04,8269885515386.04
3/1/2006,4782692298250.05,3487076014696.36,8269768312946.41
3/2/2006,4776141595838.83,3494509741736.31,8270651337575.14
3/3/2006,4799801983959.22,3470766954317.45,8270568938276.67
3/6/2006,4806339465013.58,3463921009440.00,8270260474453.58
3/7/2006,4802111796763.30,3468026165222.51,8270137961985.81
3/8/2006,4807227593883.10,3462792967092.89,8270020560975.99
3/9/2006,4809044449061.17,3461844667128.51,8270889116189.68
3/10/2006,4810927884320.13,3459835258952.19,8270763143272.32
3/13/2006,4810251840565.19,3460133574564.33,8270385415129.52
3/14/2006,4801430142414.38,3468829875391.55,8270260017805.93
3/15/2006,4805555457179.68,3464579041195.61,8270134498375.29
3/16/2006,4803244865870.76,3467760337465.91,8271005203336.67
3/17/2006,4798790967230.81,3472090016131.97,8270880983362.78
3/20/2006,4849674629432.97,3498549674453.37,8348224303886.34
3/21/2006,4849969667798.37,3501753173346.70,8351722841145.07
3/22/2006,4850194942530.92,3497291170788.48,8347486113319.40
3/23/2006,4861935805797.19,3501600949124.95,8363536754922.14
3/24/2006,4862196979698.72,3501881138688.49,8364078118387.21
3/27/2006,4862290846523.53,3502528882389.53,8364819728913.06
3/28/2006,4862491016025.43,3505906990538.81,8368398006564.24
3/29/2006,4862592353333.51,3505069222534.48,8367661575867.99
3/30/2006,4863090047413.81,3502324311464.20,8365414358878.01
3/31/2006,4872484731241.19,3498671562135.14,8371156293376.33
4/3/2006,4890769175548.81,3486701927059.01,8377471102607.82
4/4/2006,4891633582987.67,3496561653713.82,8388195236701.49
4/5/2006,4891936850387.68,3496939832917.27,8388876683304.95
4/6/2006,4895394650275.20,3498347903573.26,8393742553848.46
4/7/2006,4903633370046.25,3495168523885.90,8398801893932.15
4/10/2006,4903616606288.58,3498456693416.50,8402073299705.08
4/11/2006,4903797542190.77,3502761859473.62,8406559401664.39
4/12/2006,4903908520480.71,3498967720931.54,8402876241412.25
4/13/2006,4904229841852.22,3501912807888.84,8406142649741.06
4/14/2006,4904205351541.36,3502852300279.40,8407057651820.76
4/17/2006,4854176043605.27,3512686590889.42,8366862634494.69
4/18/2006,4854213829170.43,3519388787182.19,8373602616352.62
4/19/2006,4854629873350.87,3517203496363.19,8371833369714.06
4/20/2006,4828395378375.03,3520882319879.15,8349277698254.18
4/21/2006,4828603289508.74,3521367546557.14,8349970836065.88
4/24/2006,4828668943293.09,3524760250433.21,8353429193726.30
4/25/2006,4830057940472.75,3532244868947.13,8362302809419.88
4/26/2006,4830489601064.97,3531437816090.41,8361927417155.38
4/27/2006,4808977505319.26,3530761347934.56,8339738853253.82
4/28/2006,4819948752057.74,3535769322660.75,8355718074718.49
5/1/2006,4826896073976.91,3524672119148.21,8351568193125.12
5/2/2006,4827396421993.69,3537969252402.81,8365365674396.50
5/3/2006,4827666731453.39,3531750674199.07,8359417405652.46
5/4/2006,4818381812142.22,3536787468940.65,8355169281082.87
5/5/2006,4818424053449.67,3538580333563.75,8357004387013.42
5/8/2006,4818422545326.84,3542666089707.55,8361088635034.39
5/9/2006,4818710279838.04,3545578409742.83,8364288689580.87
5/10/2006,4818672849075.30,3541506971679.35,8360179820754.65
5/11/2006,4813461861190.94,3544526873068.35,8357988734259.29
5/12/2006,4813477418437.52,3545463237370.25,8358940655807.77
5/15/2006,4785963383431.17,3546560855252.54,8332524238683.71
5/16/2006,4786386994170.62,3551775391726.95,8338162385897.57
5/17/2006,4786593600714.46,3550419831315.44,8337013432029.90
5/18/2006,4791541778225.83,3553376151230.55,8344917929456.38
5/19/2006,4791847438954.98,3552601292038.03,8344448730993.01
5/22/2006,4791983031239.49,3553583122785.73,8345566154025.22
5/23/2006,4792617148811.66,3560052715654.92,8352669864466.58
5/24/2006,4793104102494.49,3556080687077.80,8349184789572.29
5/25/2006,4794579829803.26,3553605244090.44,8348185073893.70
5/26/2006,4794638016531.37,3553724146095.98,8348362162627.35
5/30/2006,4794933348049.86,3549054009127.00,8343987357176.86
5/31/2006,4807516533937.29,3549260070711.85,8356776604649.14
6/1/2006,4806953438801.04,3535909945676.99,8342863384478.03
6/2/2006,4829402874342.79,3528953712393.75,8358356586736.54
6/5/2006,4829411087401.02,3530573536528.23,8359984623929.25
6/6/2006,4838919654221.33,3534545426247.64,8373465080468.97
6/7/2006,4839338830680.78,3532828994181.57,8372167824862.35
6/8/2006,4838096046305.27,3536142661883.44,8374238708188.71
6/9/2006,4838686807363.79,3536610360421.96,8375297167785.75
6/12/2006,4839161617479.28,3537005328612.08,8376166946091.36
6/13/2006,4839794958198.57,3540957677639.52,8380752635838.09
6/14/2006,4840377529770.39,3534987521238.09,8375365051008.48
6/15/2006,4797670211829.14,3539620298953.90,8337290510783.04
6/16/2006,4797775283721.39,3541571632709.57,8339346916430.96
6/19/2006,4797927298774.14,3546407654250.11,8344334953024.25
6/20/2006,4798392882643.68,3550637704480.76,8349030587124.44
6/21/2006,4798485866875.87,3548404398376.78,8346890265252.65
6/22/2006,4786725033795.42,3553052316087.35,8339777349882.77
6/23/2006,4786829792453.87,3556547122758.51,8343376915212.38
6/26/2006,4787408183576.38,3559182627089.27,8346590810665.65
6/27/2006,4787915600566.06,3562319205388.17,8350234805954.23
6/28/2006,4788847973169.16,3556961063379.39,8345809036548.55
6/29/2006,4785881593860.51,3554126971331.05,8340008565191.56
6/30/2006,4797203565138.78,3622838382753.41,8420041947892.19
7/3/2006,4790258308791.07,3609079311438.46,8399337620229.53
7/5/2006,4790476512630.92,3617919221244.37,8408395733875.29
7/6/2006,4789669198550.15,3619749070616.69,8409418269166.84
7/7/2006,4789635507414.27,3620646058558.39,8410281565972.66
7/10/2006,4789841715784.59,3618391215081.33,8408232930865.92
7/11/2006,4789892838552.69,3623355393835.20,8413248232387.89
7/12/2006,4790156358426.22,3618290043090.23,8408446401516.45
7/13/2006,4796439080289.52,3619735358381.17,8416174438670.69
7/14/2006,4796819183433.82,3619221355703.30,8416040539137.12
7/17/2006,4784435456969.46,3620378548295.53,8404814005264.99
7/18/2006,4785195482653.25,3626834939776.54,8412030422429.79
7/19/2006,4785987835891.60,3622056168609.23,8408044004500.83
7/20/2006,4790282708018.38,3625358328222.61,8415641036240.99
7/21/2006,4790159108210.59,3626019772126.63,8416178880337.22
7/24/2006,4790271324559.40,3627301942750.33,8417573267309.73
7/25/2006,4790444153304.10,3629478960807.92,8419923114112.02
7/26/2006,4791057334592.36,3626437412845.21,8417494747437.57
7/27/2006,4799235649512.92,3627260660206.21,8426496309719.13
7/28/2006,4799288535276.07,3621661113932.82,8420949649208.89
7/31/2006,4819732427280.70,3624614379572.38,8444346806853.08
8/1/2006,4817319303526.10,3618984273699.05,8436303577225.15
8/2/2006,4817380186405.50,3623377695143.27,8440757881548.77
8/3/2006,4829351659918.44,3618968900330.79,8448320560249.23
8/4/2006,4829245717645.55,3619242780528.00,8448488498173.55
8/7/2006,4829339156875.87,3621758139529.32,8451097296405.19
8/8/2006,4829273797400.85,3625843406020.37,8455117203421.22
8/9/2006,4829437496091.44,3618725279110.50,8448162775201.94
8/10/2006,4840790290052.19,3620168177038.64,8460958467090.83
8/11/2006,4840880467835.13,3619177842830.61,8460058310665.74
8/14/2006,4840999340103.23,3618959699217.36,8459959039320.59
8/15/2006,4861305713140.71,3625871464797.96,8487177177938.67
8/16/2006,4861437778277.37,3622216305638.51,8483654083915.88
8/17/2006,4873589180274.75,3627397537080.31,8500986717355.06
8/18/2006,4873518209199.54,3627413838399.62,8500932047599.16
8/21/2006,4873642080250.97,3629588681499.94,8503230761750.91
8/22/2006,4873787619346.80,3632657495398.46,8506445114745.26
8/23/2006,4874046443173.93,3629498086872.12,8503544530046.05
8/24/2006,4875871296958.75,3631238370793.04,8507109667751.79
8/25/2006,4876022745420.90,3629742298113.68,8505765043534.58
8/28/2006,4875933793696.22,3628746351802.36,8504680145498.58
8/29/2006,4876078741533.57,3632074061751.91,8508152803285.48
8/30/2006,4876337116013.35,3627048372347.34,8503385488360.69
8/31/2006,4884685325020.02,3630348327059.60,8515033652079.62
9/1/2006,4911146146220.77,3608036100568.65,8519182246789.42
9/5/2006,4911327684216.78,3613561784309.58,8524889468526.36
9/6/2006,4912174352648.37,3617783279285.10,8529957631933.47
9/7/2006,4913331556755.44,3616731643719.99,8530063200475.43
9/8/2006,4913385187134.01,3615541787825.38,8528926974959.39
9/11/2006,4913395514125.35,3617769914579.04,8531165428704.39
9/12/2006,4913636719740.10,3620996625154.72,8534633344894.82
9/13/2006,4913614786440.53,3616375186757.08,8529989973197.61
9/14/2006,4908195236911.89,3618840632211.96,8527035869123.85
9/15/2006,4867180364344.06,3620200642451.60,8487381006795.66
9/18/2006,4867175646510.97,3623156463869.70,8490332110380.67
9/19/2006,4867094217496.23,3629763158163.95,8496857375660.18
9/20/2006,4867320371122.91,3626771499565.59,8494091870688.50
9/21/2006,4853587087391.35,3630783863212.84,8484370950604.19
9/22/2006,4853630950295.67,3630734044016.20,8484364994311.87
9/25/2006,4853685383990.30,3632049786083.12,8485735170073.42
9/26/2006,4854457896167.63,3636142924207.22,8490600820374.85
9/27/2006,4854645665061.61,3632450641497.94,8487096306559.55
9/28/2006,4843013415332.28,3630670721128.34,8473684136460.62
9/29/2006,4843120736192.43,3663853163022.80,8506973899215.23
10/2/2006,4850288721360.86,3698095389253.42,8548384110614.28
10/3/2006,4850529451947.23,3697107164560.62,8547636616507.85
10/4/2006,4851026501563.57,3694751074261.90,8545777575825.47
10/5/2006,4849613304146.55,3695435183414.44,8545048487560.99
10/6/2006,4849749364148.50,3697234509460.50,8546983873609.00
10/10/2006,4849864796529.26,3696411444074.59,8546276240603.85
10/11/2006,4850465400774.43,3694502975226.45,8544968376000.88
10/12/2006,4851779258334.19,3694325520561.53,8546104778895.72
10/13/2006,4851631322508.09,3695020506434.11,8546651828942.20
10/16/2006,4838391960146.83,3698567332147.77,8536959292294.60
10/17/2006,4839140785499.66,3704901254837.79,8544042040337.45
10/18/2006,4840387353742.11,3699664376039.21,8540051729781.32
10/19/2006,4846477624829.46,3701593787209.30,8548071412038.76
10/20/2006,4846672115978.87,3702629586589.01,8549301702567.88
10/23/2006,4846998435662.99,3703749034824.56,8550747470487.55
10/24/2006,4847383288045.99,3707108390621.02,8554491678667.01
10/25/2006,4847701708769.68,3702648931903.37,8550350640673.05
10/26/2006,4861239284448.88,3704562692727.28,8565801977176.16
10/27/2006,4861275131152.10,3704737308865.05,8566012440017.15
10/30/2006,4861326347929.56,3701129085565.63,8562455433495.19
10/31/2006,4880611427682.72,3703717927882.65,8584329355565.37
11/1/2006,4879522580085.45,3692272254997.28,8571794835082.73
11/2/2006,4894461296553.39,3699199010281.28,8593660306834.67
11/3/2006,4894548286293.99,3690949579962.34,8585497866256.33
11/6/2006,4894606019704.48,3693728964696.16,8588334984400.64
11/7/2006,4894841565577.18,3697719976686.12,8592561542263.30
11/8/2006,4895477051992.03,3692900009645.45,8588377061637.48
11/9/2006,4910382075633.35,3693283966001.23,8603666041634.58
11/10/2006,4910206743417.99,3693579530878.36,8603786274296.35
11/13/2006,4910018409498.61,3693265471764.20,8603283881262.81
11/14/2006,4910703196236.64,3696718179041.77,8607421375278.41
11/15/2006,4900287240741.54,3694589428512.34,8594876669253.88
11/16/2006,4909526107181.92,3697160202620.23,8606686309802.15
11/17/2006,4909528783619.69,3699217071840.62,8608745855460.31
11/20/2006,4909151133431.75,3699824617665.47,8608975751097.22
11/21/2006,4909877976168.01,3703595782712.56,8613473758880.57
11/22/2006,4909770661586.15,3700138553604.10,8609909215190.25
11/24/2006,4920158909794.45,3702944390744.29,8623103300538.74
11/27/2006,4919859952221.69,3706695056940.59,8626555009162.28
11/28/2006,4920073833087.75,3708306284342.90,8628380117430.65
11/29/2006,4920983368955.71,3703312598066.64,8624295967022.35
11/30/2006,4929567181031.48,3703678427313.69,8633245608345.17
12/1/2006,4955424198245.65,3680172739040.41,8635596937286.06
12/4/2006,4955353395652.33,3684657888718.72,8640011284371.05
12/5/2006,4966738616729.58,3688608134101.67,8655346750831.25
12/6/2006,4967205445012.41,3686593550152.76,8653798995165.17
12/7/2006,4967101935904.60,3686856709465.07,8653958645369.67
12/8/2006,4966647805914.53,3688756161676.45,8655403967590.98
12/11/2006,4966394456043.33,3688960182654.88,8655354638698.21
12/12/2006,4967561414607.80,3692869892326.39,8660431306934.19
12/13/2006,4969453511607.76,3687421149254.46,8656874660862.22
12/14/2006,4960187164095.39,3688619327816.20,8648806491911.59
12/15/2006,4928253682863.54,3683648975440.67,8611902658304.21
12/18/2006,4927909306608.36,3686404542739.92,8614313849348.28
12/19/2006,4928643917354.20,3693489687937.42,8622133605291.62
12/20/2006,4930406613587.98,3688586879309.26,8618993492897.24
12/21/2006,4917406505568.35,3692597753321.87,8610004258890.22
12/22/2006,4917324313345.44,3694322833106.06,8611647146451.50
12/26/2006,4917000943190.01,3698420268260.73,8615421211450.74
12/27/2006,4917453234513.97,3697303976429.39,8614757210943.36
12/28/2006,4900599715596.00,3692476463560.67,8593076179156.67
12/29/2006,4901046516367.78,3779177863718.40,8680224380086.18
1/2/2007,4906145745540.04,3772083578665.37,8678229324205.41
1/3/2007,4906387642060.28,3770826613252.79,8677214255313.07
1/4/2007,4898816127068.69,3771780115904.35,8670596242973.04
1/5/2007,4898650116851.97,3774502329214.86,8673152446066.83
1/8/2007,4898353058455.66,3774456762962.08,8672809821417.74
1/9/2007,4899922862005.52,3777779371076.59,8677702233082.11
1/10/2007,4900148786733.81,3773218286931.95,8673367073665.76
1/11/2007,4899285748421.81,3775048798545.08,8674334546966.89
1/12/2007,4899372232476.19,3774878959332.57,8674251191808.76
1/16/2007,4889977193543.40,3778438061528.13,8668415255071.53
1/17/2007,4890300912052.12,3781658104303.55,8671959016355.67
1/18/2007,4888465602419.67,3784199024164.81,8672664626584.48
1/19/2007,4888251535177.46,3786833548360.02,8675085083537.48
1/22/2007,4888095549841.50,3788572872664.36,8676668422505.86
1/23/2007,4888595088378.80,3793050534562.75,8681645622941.55
1/24/2007,4890430307259.76,3789388384913.86,8679818692173.62
1/25/2007,4890714472208.82,3792757080494.58,8683471552703.40
1/26/2007,4890833829587.06,3792380393710.61,8683214223297.67
1/29/2007,4894165071856.21,3793850798085.54,8688015869941.75
1/30/2007,4894707291414.68,3793486106730.42,8688193398145.10
1/31/2007,4913960890707.78,3793600173259.34,8707561063967.12
2/1/2007,4914825624699.78,3780077144391.40,8694902769091.18
2/2/2007,4914957810633.48,3778394997741.09,8693352808374.57
2/5/2007,4914810958403.90,3781542616809.34,8696353575213.24
2/6/2007,4914809626545.97,3785172262606.71,8699981889152.68
2/7/2007,4915441130728.18,3784357382082.40,8699798512810.58
2/8/2007,4927587830502.69,3786124749634.98,8713712580137.67
2/9/2007,4927604014508.48,3785966326580.94,8713570341089.42
2/12/2007,4927672571064.60,3786299589012.70,8713972160077.30
2/13/2007,4928139436811.83,3790339431633.61,8718478868445.44
2/14/2007,4928311563667.16,3784915933444.32,8713227497111.48
2/15/2007,4947664950904.39,3791035411527.64,8738700362432.03
2/16/2007,4953788736314.78,3792262545492.97,8746051281807.75
2/20/2007,4954255750455.69,3797891693113.36,8752147443569.05
2/21/2007,4954721573002.83,3797757195339.85,8752478768342.68
2/22/2007,4970836541497.28,3797777713284.60,8768614254781.88
2/23/2007,4970761916439.47,3798733288207.59,8769495204647.06
2/26/2007,4970773951580.48,3802273053553.77,8773047005134.25
2/27/2007,4971384422846.15,3802725735564.34,8774110158410.49
2/28/2007,4979111025291.64,3798999871306.30,8778110896597.94
3/1/2007,5000186307661.74,3788493981775.33,8788680289437.07
3/2/2007,5023327901876.81,3785492239576.45,8808820141453.26
3/5/2007,5024347272373.68,3787784741175.10,8812132013548.78
3/6/2007,5027340519474.88,3791789678266.17,8819130197741.05
3/7/2007,5028459896088.18,3790153894971.62,8818613791059.80
3/8/2007,5042012849289.92,3791171098457.31,8833183947747.23
3/9/2007,5041611110962.66,3790881786097.66,8832492897060.32
3/12/2007,5041373406144.03,3791660464269.03,8833033870413.06
3/13/2007,5041379017247.78,3796913248476.98,8838292265724.76
3/14/2007,5041456497712.17,3791594773979.54,8833051271691.71
3/15/2007,5032193897217.96,3793873454874.22,8826067352092.18
3/16/2007,5032362236392.61,3795406794712.75,8827769031105.36
3/19/2007,5032628085890.53,3801827726066.37,8834455811956.90
3/20/2007,5033009615903.56,3804983690744.91,8837993306648.47
3/21/2007,5034003895116.59,3799851447279.37,8833855342395.96
3/22/2007,5035921184620.98,3796761321245.54,8832682505866.52
3/23/2007,5035939237329.98,3802003662734.79,8837942900064.77
3/26/2007,5035822850995.10,3806249165954.17,8842072016949.27
3/27/2007,5036907843163.03,3809349427065.85,8846257270228.88
3/28/2007,5037512915684.21,3803412265376.17,8840925181060.38
3/29/2007,5036526586006.40,3800325691705.27,8836852277711.67
3/30/2007,5053940043633.51,3795725164861.92,8849665208495.43
4/2/2007,5058762478228.82,3791593576399.51,8850356054628.33
4/3/2007,5076278442417.99,3792531523624.40,8868809966042.39
4/4/2007,5076445047680.09,3793343808706.60,8869788856386.69
4/5/2007,5086973818365.87,3798184469845.85,8885158288211.72
4/6/2007,5086952883549.32,3794703538547.73,8881656422097.05
4/9/2007,5087320667434.91,3795891821084.16,8883212488519.07
4/10/2007,5087470848259.80,3799509812512.97,8886980660772.77
4/11/2007,5091801910817.06,3794391616398.19,8886193527215.25
4/12/2007,5086556897300.21,3797189113950.61,8883746011250.82
4/13/2007,5094775716087.73,3798276308887.65,8893052024975.38
4/16/2007,5067017075757.44,3802366823656.33,8869383899413.77
4/17/2007,5036278366972.42,3812547997889.44,8848826364861.86
4/18/2007,5029374562070.06,3812965525863.97,8842340087934.03
4/19/2007,5006984860918.55,3815089423063.51,8822074283982.06
4/20/2007,5007096812536.69,3817734375302.83,8824831187839.52
4/23/2007,5007148212960.89,3820338817559.00,8827487030519.89
4/24/2007,5007746996216.57,3827787232248.32,8835534228464.89
4/25/2007,5009026592580.37,3825470593596.09,8834497186176.46
4/26/2007,4988448327951.65,3829374798283.34,8817823126234.99
4/27/2007,4988515606562.97,3827028611948.71,8815544218511.68
4/30/2007,5007058051986.64,3833110332444.19,8840168384430.83
5/1/2007,5004399622497.17,3820226761484.20,8824626383981.37
5/2/2007,5004774605884.47,3831155902159.68,8835930508044.15
5/3/2007,4987674673012.51,3826591805805.36,8814266478817.87
5/4/2007,4987899131364.04,3828110524360.59,8816009655724.63
5/7/2007,4988204661374.66,3831845647942.06,8820050309316.72
5/8/2007,4988537724956.92,3839535576048.81,8828073301005.73
5/9/2007,4989455622680.08,3833051851745.78,8822507474425.86
5/10/2007,4981480739883.24,3835530237863.06,8817010977746.30
5/11/2007,4981702159760.97,3836861829404.03,8818563989165.00
5/14/2007,4981933552201.59,3837764299124.86,8819697851326.45
5/15/2007,4959485268418.13,3843768649882.54,8803253918300.67
5/16/2007,4960801102281.05,3839983625321.88,8800784727602.93
5/17/2007,4960197499732.96,3844263875756.16,8804461375489.12
5/18/2007,4960740368158.02,3843823458403.35,8804563826561.37
5/21/2007,4961570381529.84,3845277978592.23,8806848360122.07
5/22/2007,4962109684210.94,3849319924284.47,8811429608495.41
5/23/2007,4962842642286.33,3846194356344.73,8809036998631.06
5/24/2007,4967930353580.69,3848323180788.12,8816253534368.81
5/25/2007,4968043161334.62,3848250011729.49,8816293173064.11
5/29/2007,4968574712750.94,3849825798533.68,8818400511284.62
5/30/2007,4970449859064.12,3848827566235.66,8819277425299.78
5/31/2007,4980871453801.81,3848121005858.91,8828992459660.72
6/1/2007,5004206745802.95,3824098179638.06,8828304925441.01
6/4/2007,5004684363923.37,3826942214882.26,8831626578805.63
6/5/2007,5017104402824.82,3833689639727.63,8850794042552.45
6/6/2007,5017115422665.85,3831986056049.77,8849101478715.62
6/7/2007,5012218557618.75,3830346368481.07,8842564926099.82
6/8/2007,5012413541689.16,3832776168370.08,8845189710059.24
6/11/2007,5012748781660.83,3834236439684.74,8846985221345.57
6/12/2007,5012905420218.16,3837946412847.20,8850851833065.36
6/13/2007,5013832384619.53,3833161448510.64,8846993833130.17
6/14/2007,5000036445717.42,3835232151464.53,8835268597181.95
6/15/2007,4966437465360.51,3837651181594.46,8804088646954.97
6/18/2007,4966541053598.30,3841716665469.13,8808257719067.43
6/19/2007,4967798027669.58,3849284476414.47,8817082504084.05
6/20/2007,4968047472798.54,3845716929387.86,8813764402186.40
6/21/2007,4950410768831.81,3850271376787.89,8800682145619.70
6/22/2007,4950586161721.14,3852643882285.79,8803230044006.93
6/25/2007,4950662396067.18,3856239279801.68,8806901675868.86
6/26/2007,4951221935905.18,3859773680205.16,8810995616110.34
6/27/2007,4952125932307.31,3853775277258.93,8805901209566.24
6/28/2007,4942745658811.28,3850748720426.13,8793494379237.41
6/29/2007,4943089820238.26,3924585456513.39,8867675276751.65
7/2/2007,4948714972663.73,3920555192208.13,8869270164871.86
7/3/2007,4949386191143.06,3921071818580.54,8870458009723.60
7/5/2007,4950423070783.07,3922342205775.60,8872765276558.67
7/6/2007,4950793230758.07,3925087424653.24,8875880655411.31
7/9/2007,4950997596140.44,3923299022730.01,8874296618870.45
7/10/2007,4951436812186.55,3926577221734.75,8878014033921.30
7/11/2007,4952431159067.92,3920568799765.08,8872999958833.00
7/12/2007,4955494616361.47,3922555952317.75,8878050568679.22
7/13/2007,4955833768961.18,3921932801476.38,8877766570437.56
7/16/2007,4963033454246.13,3923526606916.14,8886560061162.27
7/17/2007,4963303736598.29,3930646368765.67,8893950105363.96
7/18/2007,4963324458869.97,3925198197877.99,8888522656747.96
7/19/2007,4969548255338.18,3928305929748.78,8897854185086.96
7/20/2007,4969447803095.90,3929099956180.92,8898547759276.82
7/23/2007,4969407629390.18,3929795759579.98,8899203388970.16
7/24/2007,4969370798874.79,3933930773674.88,8903301572549.67
7/25/2007,4969515325588.36,3930292834525.11,8899808160113.47
7/26/2007,4983370185439.87,3931067268506.34,8914437453946.21
7/27/2007,4983571646171.85,3935475031860.15,8919046678032.00
7/30/2007,4983978966853.70,3925771444235.07,8909750411088.77
7/31/2007,5003716733048.46,3928721566851.08,8932438299899.54
8/1/2007,4999866984024.97,3913591710087.47,8913458694112.44
8/2/2007,5023484476862.80,3922019991513.19,8945504468375.99
8/3/2007,5023416016859.97,3915511177807.95,8938927194667.92
8/6/2007,5023464569634.11,3918918952374.50,8942383522008.61
8/7/2007,5024000906449.33,3923087900139.42,8947088806588.75
8/8/2007,5024291221680.53,3917679863676.00,8941971085356.53
8/9/2007,5052663211939.52,3917139916849.95,8969803128789.47
8/10/2007,5052796831878.58,3915811124171.03,8968607956049.61
8/13/2007,5053090956960.90,3916845240129.29,8969936197090.19
8/14/2007,5053519869211.92,3920570001402.46,8974089870614.38
8/15/2007,5046912274480.11,3918213514227.46,8965125788707.57
8/16/2007,5046697105677.04,3921146283536.86,8967843389213.90
8/17/2007,5047673227074.38,3924568441066.67,8972241668141.05
8/20/2007,5047971746751.58,3924241098626.56,8972212845378.14
8/21/2007,5048734707138.41,3927556996656.93,8976291703795.34
8/22/2007,5049429472510.43,3921947992878.10,8971377465388.53
8/23/2007,5055033247974.35,3925142300034.12,8980175548008.47
8/24/2007,5054956878341.09,3925685883628.87,8980642761969.96
8/27/2007,5054962730795.07,3924899856568.39,8979862587363.46
8/28/2007,5055627850653.73,3928588667862.16,8984216518515.89
8/29/2007,5055415464601.98,3927933761997.52,8983349226599.50
8/30/2007,5065355678062.61,3924265562825.39,8989621240888.00
8/31/2007,5096938116500.60,3908710444762.10,9005648561262.70
9/4/2007,5093470584789.90,3901675320930.72,8995145905720.62
9/5/2007,5094443982042.36,3911520279175.23,9005964261217.59
9/6/2007,5098809913353.79,3910600162505.88,9009410075859.67
9/7/2007,5098996710518.41,3910886448269.87,9009883158788.28
9/10/2007,5098505374539.79,3910340399827.59,9008845774367.38
9/11/2007,5098691365037.27,3916904094984.62,9015595460021.89
9/12/2007,5099431019789.41,3912016817174.88,9011447836964.29
9/13/2007,5101405869238.47,3914882137040.74,9016288006279.21
9/14/2007,5101434187251.81,3915685682267.56,9017119869519.37
9/17/2007,5082365257608.16,3918096071689.61,9000461329297.77
9/18/2007,5082459281884.95,3927533306934.35,9009992588819.30
9/19/2007,5082767303028.70,3923781120986.17,9006548424014.87
9/20/2007,5065946971022.69,3924005812294.84,8989952783317.53
9/21/2007,5066524192454.46,3924798821089.55,8991323013544.01
9/24/2007,5066560425665.34,3927135388792.57,8993695814457.91
9/25/2007,5066939229915.80,3932957351524.82,8999896581440.62
9/26/2007,5066894781591.59,3927463067391.87,8994357848983.46
9/27/2007,5049700588283.65,3923283536073.28,8972984124356.93
9/28/2007,5049305502926.48,3958347869336.00,9007653372262.48
10/1/2007,5057236452359.32,4005315947997.31,9062552400356.63
10/2/2007,5057187797977.60,4012659777633.05,9069847575610.65
10/3/2007,5057174120951.40,4004150929157.90,9061325050109.30
10/4/2007,5043470694248.67,4006577385032.03,9050048079280.70
10/5/2007,5044361117718.07,4010182173271.29,9054543290989.36
10/9/2007,5044668950448.17,4009475700521.90,9054144650970.07
10/10/2007,5044807606587.28,4004996153871.97,9049803760459.25
10/11/2007,5038220364584.91,4004731065147.58,9042951429732.49
10/12/2007,5038254667984.29,4006002021756.10,9044256689740.39
10/15/2007,5043530125470.98,4010452024654.03,9053982150125.01
10/16/2007,5044434493448.63,4013890575529.13,9058325068977.76
10/17/2007,5045168512114.65,4010106661510.80,9055275173625.45
10/18/2007,5042133074743.71,4011298716073.89,9053431790817.60
10/19/2007,5042073097193.13,4011811597646.86,9053884694839.99
10/22/2007,5041954178028.24,4012279394172.85,9054233572201.09
10/23/2007,5042214354013.16,4015767371109.64,9057981725122.80
10/24/2007,5042376353075.75,4011598793080.20,9053975146155.95
10/25/2007,5047036763449.13,4013196531833.99,9060233295283.12
10/26/2007,5046649024825.46,4013846940014.50,9060495964839.96
10/29/2007,5046591137704.21,4014055560935.93,9060646698640.14
10/30/2007,5046466199006.79,4011914028033.15,9058380227039.94
10/31/2007,5067078546655.56,4012007639210.72,9079086185866.28
11/1/2007,5081298828963.01,3998929744328.64,9080228573291.65
11/2/2007,5081671168581.22,3997152701937.52,9078823870518.74
11/5/2007,5081641334659.25,3999757386757.65,9081398721416.90
11/6/2007,5082132074769.88,4003733566445.96,9085865641215.84
11/7/2007,5082087499065.19,4002186282492.45,9084273781557.64
11/8/2007,5105250779670.21,4006076735669.32,9111327515339.53
11/9/2007,5105179904073.99,4006426699464.68,9111606603538.67
11/13/2007,5105354970348.89,4006375106162.60,9111730076511.49
11/14/2007,5106181386535.64,4004145053115.64,9110326439651.28
11/15/2007,5111851283522.74,4001355219038.90,9113206502561.64
11/16/2007,5111878035139.67,4004045554111.36,9115923589251.03
11/19/2007,5111991275751.01,4008281674551.94,9120272950302.95
11/20/2007,5112756434487.54,4012480438348.14,9125236872835.68
11/21/2007,5112702286851.76,4007414000920.01,9120116287771.77
11/23/2007,5119724373354.39,4011165187702.92,9130889561057.31
11/26/2007,5119722549448.12,4013975319570.45,9133697869018.57
11/27/2007,5119667617341.38,4017672000078.90,9137339617420.28
11/28/2007,5120037582967.51,4010712593932.59,9130750176900.10
11/29/2007,5132367923003.75,4007512270858.19,9139880193861.94
11/30/2007,5146579494448.64,4002761870488.07,9149341364936.71
12/3/2007,5170372443506.45,3984614141225.77,9154986584732.22
12/4/2007,5171086144880.52,3992232224322.90,9163318369203.42
12/5/2007,5171372367502.23,3992004178972.80,9163376546475.03
12/6/2007,5175317036398.86,3993035302939.71,9168352339338.57
12/7/2007,5175132537120.94,3990975031127.62,9166107568248.56
12/10/2007,5175055130528.93,3992888127985.94,9167943258514.87
12/11/2007,5174901525039.63,3996891529791.47,9171793054831.10
12/12/2007,5183280639352.91,3991014481978.85,9174295121331.76
12/13/2007,5180516146138.48,3991754006234.96,9172270152373.44
12/14/2007,5180726381574.75,3990938868092.80,9171665249667.55
12/17/2007,5149994515260.67,3992100529158.78,9142095044419.45
12/18/2007,5150351264923.24,4000958569560.71,9151309834483.95
12/19/2007,5150625190958.50,3994967005709.19,9145592196667.69
12/20/2007,5138057260455.23,3998360802002.06,9136418062457.29
12/21/2007,5137960774655.64,4002030590781.33,9139991365436.97
12/24/2007,5138071974751.25,4004130836340.37,9142202811091.62
12/26/2007,5138222924264.19,4001123113086.92,9139346037351.11
12/27/2007,5120576115530.95,4003440386024.96,9124016501555.91
12/28/2007,5120892177343.93,3999657505131.69,9120549682475.62
12/31/2007,5136302727072.67,4092869932145.64,9229172659218.31
1/2/2008,5130778241224.70,4079809202837.77,9210587444062.47
1/3/2008,5115950723592.05,4078995517455.33,9194946241047.38
1/4/2008,5116199834200.04,4081378046617.39,9197577880817.43
1/7/2008,5116191448188.30,4083366539555.28,9199557987743.58
1/8/2008,5116400865243.44,4084823918413.47,9201224783656.91
1/9/2008,5116464836848.38,4079986681770.55,9196451518618.93
1/10/2008,5116483556957.28,4081894247586.11,9198377804543.39
1/11/2008,5116468581683.24,4081762150594.38,9198230732277.62
1/14/2008,5116701921441.37,4083174122837.41,9199876044278.78
1/15/2008,5104642802988.75,4089522977474.16,9194165780462.91
1/16/2008,5104651904408.03,4085664795758.23,9190316700166.26
1/17/2008,5095854801083.35,4091729665006.36,9187584466089.71
1/18/2008,5096206984362.93,4092433303567.46,9188640287930.39
1/22/2008,5095916208021.60,4095158754135.56,9191074962157.16
1/23/2008,5097062254069.89,4095179791320.52,9192242045390.41
1/24/2008,5098655889709.16,4096821750099.79,9195477639808.95
1/25/2008,5102238850673.26,4100278085492.98,9202516936166.24
1/28/2008,5102308190524.52,4100879490854.74,9203187681379.26
1/29/2008,5102676412483.02,4105099431523.21,9207775844006.23
1/30/2008,5102674915682.92,4098199919010.21,9200874834693.13
1/31/2008,5132265067831.71,4105743221110.40,9238008288942.11
2/1/2008,5130384489850.08,4080471521475.70,9210856011325.78
2/4/2008,5130446607910.31,4089246072633.26,9219692680543.57
2/5/2008,5130439965772.90,4094484223793.94,9224924189566.84
2/6/2008,5130500713635.86,4092901162758.53,9223401876394.39
2/7/2008,5148614528726.80,4093512047766.70,9242126576493.50
2/8/2008,5149242672442.91,4095488361630.28,9244731034073.19
2/11/2008,5149319162890.22,4096802823087.45,9246121985977.67
2/12/2008,5149882424131.95,4101050153806.09,9250932577938.04
2/13/2008,5149738436554.02,4094418903717.47,9244157340271.49
2/14/2008,5195943354136.82,4095955735115.73,9291899089252.55
2/15/2008,5190042432007.12,4099199989063.11,9289242421070.23
2/19/2008,5190250212113.67,4101410306623.08,9291660518736.75
2/20/2008,5190800126902.66,4103661065844.39,9294461192747.05
2/21/2008,5212638061129.39,4102888986817.09,9315527047946.48
2/22/2008,5212686107111.04,4107052732356.96,9319738839468.00
2/25/2008,5212482219742.07,4108349953785.11,9320832173527.18
2/26/2008,5212962900689.86,4113719617712.14,9326682518402.00
2/27/2008,5223170296969.29,4107015161871.42,9330185458840.71
2/28/2008,5239145433213.19,4104096528501.86,9343241961715.05
2/29/2008,5259804376714.62,4098247047033.02,9358051423747.64
3/3/2008,5288162112740.96,4080311700332.53,9368473813073.49
3/4/2008,5288507327351.57,4091036639126.50,9379543966478.07
3/5/2008,5288773781817.85,4091652694295.38,9380426476113.23
3/6/2008,5302410103585.32,4092612323694.60,9395022427279.92
3/7/2008,5303092483697.43,4090911167346.92,9394003651044.35
3/10/2008,5303001225810.13,4093744118028.74,9396745343838.87
3/11/2008,5303809530883.13,4098869036477.45,9402678567360.58
3/12/2008,5304202682778.23,4092847371944.67,9397050054722.90
3/13/2008,5313220161850.83,4094846099018.72,9408066260869.55
3/14/2008,5313245061227.51,4095006947061.03,9408252008288.54
3/17/2008,5282750137551.24,4096499161702.57,9379249299253.81
3/18/2008,5282898305594.39,4106389213004.96,9389287518599.35
3/19/2008,5283167997094.26,4099964501590.54,9383132498684.80
3/20/2008,5289594553278.82,4102610355674.93,9392204908953.75
3/21/2008,5289659955959.07,4102898405570.03,9392558361529.10
3/24/2008,5290715216972.06,4105000589371.93,9395715806343.99
3/25/2008,5291290158902.71,4109305343466.23,9400595502368.94
3/26/2008,5291428953606.86,4102700647753.84,9394129601360.70
3/27/2008,5308260120761.59,4104102287582.24,9412362408343.83
3/28/2008,5308272236203.28,4099660950452.59,9407933186655.87
3/31/2008,5334115575742.88,4103478562348.51,9437594138091.39
4/1/2008,5357331152096.19,4089214440840.86,9446545592937.05
4/2/2008,5358160096109.21,4096555124702.98,9454715220812.19
4/3/2008,5346608237910.32,4090816937310.99,9437425175221.31
4/4/2008,5346703634865.43,4091806054971.59,9438509689837.02
4/7/2008,5346812281285.95,4094386019010.99,9441198300296.94
4/8/2008,5347013293843.82,4099141113558.60,9446154407402.42
4/9/2008,5346424849307.19,4090930623453.29,9437355472760.48
4/10/2008,5349601084902.75,4093106399062.99,9442707483965.74
4/11/2008,5349313159752.49,4093444403293.05,9442757563045.54
4/14/2008,5349210909674.63,4095188999068.57,9444399908743.20
4/15/2008,5299898420336.01,4109168704239.76,9409067124575.77
4/16/2008,5294375011987.50,4106342738394.19,9400717750381.69
4/17/2008,5259571359270.27,4108756254325.46,9368327613595.73
4/18/2008,5259641728215.03,4112843995048.80,9372485723263.83
4/21/2008,5239728568678.29,4115192004274.19,9354920572952.48
4/22/2008,5220026951233.58,4121456648906.90,9341483600140.48
4/23/2008,5220416691956.81,4121110558113.43,9341527250070.24
4/24/2008,5207367063908.35,4125835077338.75,9333202141247.10
4/25/2008,5207256975707.42,4127708847182.95,9334965822890.37
4/28/2008,5207326406692.66,4130189411445.87,9337515818138.53
4/29/2008,5207495999107.06,4130552832943.43,9338048832050.49
4/30/2008,5244194578964.17,4133362638169.27,9377557217133.44
5/1/2008,5227864606882.37,4118554496321.55,9346419103203.92
5/2/2008,5227386449409.91,4120089006806.98,9347475456216.89
5/5/2008,5227180433410.72,4125201896483.14,9352382329893.86
5/6/2008,5227064331168.07,4130936711751.37,9358001042919.44
5/7/2008,5227620665138.03,4132099927503.77,9359720592641.80
5/8/2008,5227965998741.94,4136827077212.01,9364793075953.95
5/9/2008,5227816871972.24,4137417183432.20,9365234055404.44
5/12/2008,5228145862890.05,4138343109159.26,9366488972049.31
5/13/2008,5228246112030.77,4142493919287.64,9370740031318.41
5/14/2008,5228441876253.45,4136112797299.56,9364554673553.01
5/15/2008,5218557032584.41,4133730100090.84,9352287132675.25
5/16/2008,5218570776014.84,4134084475851.15,9352655251865.99
5/19/2008,5218614101500.59,4138247167539.55,9356861269040.14
5/20/2008,5237063773929.53,4142065343887.85,9379129117817.38
5/21/2008,5237483111416.40,4135932846548.72,9373415957965.12
5/22/2008,5252254081800.77,4140370676538.45,9392624758339.22
5/23/2008,5252299921216.01,4141613658649.39,9393913579865.40
5/27/2008,5252835773380.98,4140439966096.58,9393275739477.56
5/28/2008,5253221844128.86,4137431520006.65,9390653364135.51
5/29/2008,5259298808222.23,4131930017434.20,9391228825656.43
5/30/2008,5278567329795.98,4110099549786.81,9388666879582.79
6/2/2008,5299425239865.48,4096913314130.09,9396338553995.57
6/3/2008,5299624937140.91,4095750382590.14,9395375319731.05
6/4/2008,5299614464265.59,4096191699395.02,9395806163660.61
6/5/2008,5307426828369.59,4100067474477.98,9407494302847.57
6/6/2008,5307139570626.21,4098599389604.31,9405738960230.52
6/9/2008,5307821153547.15,4099396300824.69,9407217454371.84
6/10/2008,5308044204929.07,4103522905862.04,9411567110791.11
6/11/2008,5330353382738.76,4097968094038.74,9428321476777.50
6/12/2008,5314964457813.51,4100477920663.30,9415442378476.81
6/13/2008,5315085616730.02,4100449526991.74,9415535143721.76
6/16/2008,5283460867422.74,4103329552102.86,9386790419525.60
6/17/2008,5283986179329.61,4112642469676.05,9396628649005.66
6/18/2008,5284022012707.28,4108072997189.25,9392095009896.53
6/19/2008,5256871649433.82,4113416664566.96,9370288314000.78
6/20/2008,5256760958260.55,4113993016645.67,9370753974906.22
6/23/2008,5256906014421.79,4116382960821.33,9373288975243.12
6/24/2008,5257076276962.68,4122197842502.46,9379274119465.14
6/25/2008,5257711491717.45,4113212614416.02,9370924106133.47
6/26/2008,5253962412535.51,4114894710204.88,9368857122740.39
6/27/2008,5254179362828.83,4109626147698.29,9363805510527.12
6/30/2008,5285063693378.25,4206942429625.55,9492006123003.80
7/1/2008,5276940964577.15,4190576326390.95,9467517290968.10
7/2/2008,5277617694301.70,4195444777895.45,9473062472197.15
7/3/2008,5301053078638.29,4191192692160.41,9492245770798.70
7/7/2008,5301339492699.30,4192233028119.28,9493572520818.58
7/8/2008,5301802247136.86,4197985910465.75,9499788157602.61
7/9/2008,5302275417956.00,4190900172966.86,9493175590922.86
7/10/2008,5312998074837.08,4189659318079.00,9502657392916.08
7/11/2008,5313138928078.85,4188301729792.27,9501440657871.12
7/14/2008,5313265227659.20,4185246176484.43,9498511404143.63
7/15/2008,5320753538796.08,4188985836947.44,9509739375743.52
7/16/2008,5321071412267.00,4183647713872.46,9504719126139.46
7/17/2008,5330583521606.70,4187367761142.63,9517951282749.33
7/18/2008,5330674171794.96,4187577475560.44,9518251647355.40
7/21/2008,5331046860034.93,4189306459117.60,9520353319152.53
7/22/2008,5339931098553.27,4192874820600.68,9532805919153.95
7/23/2008,5340252497665.26,4186345369536.42,9526597867201.68
7/24/2008,5350871337967.07,4189289773049.95,9540161111017.02
7/25/2008,5351159928800.76,4189529607762.03,9540689536562.79
7/28/2008,5350905625716.51,4186589848572.26,9537495474288.77
7/29/2008,5351639048098.45,4185952081623.53,9537591129721.98
7/30/2008,5351840120417.25,4180695520497.49,9532535640914.74
7/31/2008,5403381951775.03,4182097687425.30,9585479639200.33
8/1/2008,5400553022675.36,4156018323918.25,9556571346593.61
8/4/2008,5401068589940.50,4163973771905.03,9565042361845.53
8/5/2008,5401230917425.06,4168455844232.84,9569686761657.90
8/6/2008,5401767757113.29,4167402625680.28,9569170382793.57
8/7/2008,5402861023681.00,4168571967229.15,9571432990910.15
8/8/2008,5403109479051.22,4170345073838.75,9573454552889.97
8/11/2008,5403503090045.93,4171678177990.13,9575181268036.06
8/12/2008,5403830291255.50,4175551284678.20,9579381575933.70
8/13/2008,5429866050619.62,4169010831100.14,9598876881719.76
8/14/2008,5423722063229.44,4169618315720.95,9593340378950.39
8/15/2008,5434625511352.63,4172350446445.83,9606975957798.46
8/18/2008,5435105378906.55,4173005989390.15,9608111368296.70
8/19/2008,5435743895351.09,4178986591255.59,9614730486606.68
8/20/2008,5436199628659.12,4172134758602.47,9608334387261.59
8/21/2008,5443448117025.36,4175197082368.73,9618645199394.09
8/22/2008,5443727770323.81,4175006887400.28,9618734657724.09
8/25/2008,5444170797982.36,4177366087621.52,9621536885603.88
8/26/2008,5455467754988.88,4180176715066.48,9635644470055.36
8/27/2008,5455420775392.02,4173374932973.18,9628795708365.20
8/28/2008,5479937428314.75,4170390149646.84,9650327577961.59
8/29/2008,5479100086662.10,4166625468977.92,9645725555640.02
9/2/2008,5509898020864.12,4157903641565.11,9667801662429.23
9/3/2008,5509953344882.61,4157722917002.77,9667676261885.38
9/4/2008,5510537696176.73,4157656426875.57,9668194123052.30
9/5/2008,5510653897970.67,4159144996498.11,9669798894468.78
9/8/2008,5510454671651.99,4158390117328.67,9668844788980.66
9/9/2008,5530693169327.12,4162069776598.19,9692762945925.31
9/10/2008,5530928205885.99,4153864405618.78,9684792611504.77
9/11/2008,5526828606295.84,4155288389998.00,9682116996293.84
9/12/2008,5526803202443.31,4156515949702.04,9683319152145.35
9/15/2008,5475450615883.44,4158639848932.11,9634090464815.55
9/16/2008,5475941633094.80,4163850032833.14,9639791665927.94
9/17/2008,5476381035381.95,4170766425173.05,9647147460555.00
9/18/2008,5492459419394.83,4172172383864.24,9664631803259.07
9/19/2008,5552620101517.17,4174389518377.17,9727009619894.34
9/22/2008,5613059030493.40,4172807135417.00,9785866165910.40
9/23/2008,5613893232637.39,4177676012038.56,9791569244675.95
9/24/2008,5614420276276.55,4173660385551.68,9788080661828.23
9/25/2008,5674500268592.36,4174749697791.56,9849249966383.92
9/26/2008,5714473881064.87,4174725650384.21,9889199531449.08
9/29/2008,5774962168083.97,4170616063897.62,9945578231981.59
9/30/2008,5808691665403.71,4216033231508.78,10024724896912.40
10/1/2008,5850791254967.39,4273433812160.30,10124225067127.60
10/2/2008,5869084491601.97,4279664792482.18,10148749284084.10
10/3/2008,5913838136448.68,4272430870750.43,10186269007199.10
10/6/2008,5913434272451.45,4274320074957.42,10187754347408.80
10/7/2008,5943992236199.90,4280259956742.52,10224252192942.40
10/8/2008,5974095384099.93,4271152356207.65,10245247740307.50
10/9/2008,5994929606697.25,4271453039846.37,10266382646543.60
10/10/2008,6024947413171.24,4269434019134.87,10294381432306.10
10/14/2008,6024523653568.44,4269881235833.03,10294404889401.40
10/15/2008,6055696053989.64,4270359326274.47,10326055380264.10
10/16/2008,6060010376937.96,4271128623907.96,10331139000845.90
10/17/2008,6059726289765.44,4274480209236.71,10334206499002.10
10/20/2008,6189647424005.11,4275242220547.07,10464889644552.10
10/21/2008,6189702466098.06,4277688667633.08,10467391133731.10
10/22/2008,6225624748437.89,4270044643001.81,10495669391439.70
10/23/2008,6250228142316.10,4273884843486.77,10524112985802.80
10/24/2008,6249314985998.51,4274640369858.15,10523955355856.60
10/27/2008,6249200819818.43,4275546378891.82,10524747198710.20
10/28/2008,6249172415201.81,4277547741666.58,10526720156868.30
10/29/2008,6249239190920.28,4276583953197.36,10525823144117.60
10/30/2008,6257578457250.88,4273314576527.33,10530893033778.20
10/31/2008,6302793747598.97,4271300715369.26,10574094462968.20
11/3/2008,6302176307108.20,4254001440937.01,10556177748045.20
11/4/2008,6302535948012.36,4263610248478.22,10566146196490.50
11/5/2008,6302458417616.34,4264412219647.01,10566870637263.30
11/6/2008,6358998910837.97,4265731316960.28,10624730227798.20
11/7/2008,6358869286267.95,4263297655363.73,10622166941631.60
11/10/2008,6358690409750.62,4263532788931.92,10622223198682.50
11/12/2008,6358806971888.52,4259701660695.98,10618508632584.50
11/13/2008,6320976663656.70,4257662488034.43,10578639151691.10
11/14/2008,6360691569969.19,4257115014666.08,10617806584635.20
11/17/2008,6359522811655.01,4258943282402.05,10618466094057.00
11/18/2008,6394550218145.18,4265867636327.11,10660417854472.20
11/19/2008,6394116589427.96,4258206933800.02,10652323523227.90
11/20/2008,6393926893617.82,4261530336304.52,10655457229922.30
11/21/2008,6393775797295.81,4261692851682.26,10655468648978.00
11/24/2008,6393688876791.61,4260570553938.56,10654259430730.10
11/25/2008,6395157193349.84,4263199084504.05,10658356277853.80
11/26/2008,6395807621162.60,4252109934201.79,10647917555364.30
11/28/2008,6396590860569.49,4264584043238.19,10661174903807.60
12/1/2008,6434879220132.56,4246256700330.51,10681135920463.00
12/2/2008,6435078596060.30,4250088015214.90,10685166611275.20
12/3/2008,6434552796939.87,4241380088450.35,10675932885390.20
12/4/2008,6411650143809.01,4242232880343.86,10653883024152.80
12/5/2008,6411463069240.95,4241808263858.96,10653271333099.90
12/8/2008,6410703126587.23,4243227236700.68,10653930363287.90
12/9/2008,6410734685101.64,4245384542301.41,10656119227403.00
12/10/2008,6410822416494.81,4237618460756.82,10648440877251.60
12/11/2008,6390881581542.01,4207003477916.77,10597885059458.70
12/12/2008,6390698622849.38,4206370115077.72,10597068737927.10
12/15/2008,6418685498877.51,4236916013183.68,10655601512061.10
12/16/2008,6418858135322.00,4211698367577.88,10630556502899.80
12/17/2008,6418658027770.20,4236894039663.57,10655552067433.70
12/18/2008,6360780102719.10,4237688052351.27,10598468155070.30
12/19/2008,6360410841483.38,4237784239601.18,10598195081084.50
12/22/2008,6359822299238.44,4207607129899.66,10567429429138.10
12/23/2008,6359897239853.44,4241874102353.67,10601771342207.10
12/24/2008,6359775642515.06,4226813433414.28,10586589075929.30
12/26/2008,6323447047871.14,4229328831356.00,10552775879227.10
12/29/2008,6322709858350.73,4231404046881.30,10554113905232.00
12/30/2008,6322765588713.41,4230249075978.19,10553014664691.60
12/31/2008,6369318869476.54,4330485995135.59,10699804864612.10
1/2/2009,6320066198644.34,4307895097286.33,10627961295930.60
1/5/2009,6319153451562.27,4316358609344.89,10635512060907.10
1/6/2009,6318809124655.56,4319616621638.24,10638425746293.80
1/7/2009,6318494695577.72,4317277400645.02,10635772096222.70
1/8/2009,6290895264113.46,4317430059059.11,10608325323172.50
1/9/2009,6290327140825.48,4319431426781.69,10609758567607.10
1/12/2009,6289228157982.89,4320562523025.55,10609790681008.40
1/13/2009,6289189388739.05,4324715499309.08,10613904888048.10
1/14/2009,6288674179920.54,4317294625012.89,10605968804933.40
1/15/2009,6309144617619.47,4318564136072.02,10627708753691.40
1/16/2009,6308564856414.67,4320316629095.56,10628881485510.20
