1/21/1997,0.00,0.00,5310267076516.85
1/22/1997,0.00,0.00,5313093823498.70
1/23/1997,0.00,0.00,5311509682915.63
1/24/1997,0.00,0.00,5312168647843.99
1/27/1997,0.00,0.00,5312990372147.05
1/28/1997,0.00,0.00,5317192254267.62
1/29/1997,0.00,0.00,5319575822990.65
1/30/1997,0.00,0.00,5315795971480.01
2/3/1997,0.00,0.00,5297382328731.42
2/4/1997,0.00,0.00,5300797430319.62
2/5/1997,0.00,0.00,5302957481388.92
2/6/1997,0.00,0.00,5307083787977.17
2/7/1997,0.00,0.00,5301813739040.73
2/10/1997,0.00,0.00,5302292166231.47
2/11/1997,0.00,0.00,5305463575595.03
2/12/1997,0.00,0.00,5308979863712.08
2/13/1997,0.00,0.00,5309673894362.24
2/14/1997,0.00,0.00,5310232511891.60
2/18/1997,0.00,0.00,5336179923740.34
2/19/1997,0.00,0.00,5339667533437.48
2/20/1997,0.00,0.00,5340687036267.98
2/21/1997,0.00,0.00,5340480961413.88
2/24/1997,0.00,0.00,5340989383890.18
2/25/1997,0.00,0.00,5342929738924.06
2/26/1997,0.00,0.00,5345590198251.20
2/27/1997,0.00,0.00,5349402692025.14
2/28/1997,0.00,0.00,5349937360942.68
3/3/1997,0.00,0.00,5358956534107.64
3/4/1997,0.00,0.00,5363582891993.50
3/5/1997,0.00,0.00,5359515287678.12
3/6/1997,0.00,0.00,5358686165458.54
3/7/1997,0.00,0.00,5353405261722.26
3/10/1997,0.00,0.00,5354330021048.50
3/11/1997,0.00,0.00,5357359481153.10
3/12/1997,0.00,0.00,5361482510992.32
3/13/1997,0.00,0.00,5362035571060.06
3/14/1997,0.00,0.00,5362748754102.53
3/17/1997,0.00,0.00,5363306532631.89
3/18/1997,0.00,0.00,5367674335377.56
3/19/1997,0.00,0.00,5369097231511.65
3/20/1997,0.00,0.00,5369249768972.02
3/21/1997,0.00,0.00,5369740959146.19
3/24/1997,0.00,0.00,5370448951500.60
3/25/1997,0.00,0.00,5374777220348.60
3/26/1997,0.00,0.00,5377852456403.37
3/27/1997,0.00,0.00,5378489443890.30
3/28/1997,0.00,0.00,5377245182258.46
3/31/1997,0.00,0.00,5380889857391.59
4/1/1997,0.00,0.00,5375122375222.69
4/2/1997,0.00,0.00,5376710487393.11
4/3/1997,0.00,0.00,5385463327534.04
4/4/1997,0.00,0.00,5384750396046.34
4/7/1997,0.00,0.00,5385190477418.92
4/8/1997,0.00,0.00,5384125088631.94
4/9/1997,0.00,0.00,5380948025320.90
4/10/1997,0.00,0.00,5379884266589.44
4/11/1997,0.00,0.00,5378191895041.28
4/14/1997,0.00,0.00,5378600468556.80
4/15/1997,0.00,0.00,5383132230748.81
4/16/1997,0.00,0.00,5386017997799.85
4/17/1997,0.00,0.00,5350647420066.00
4/18/1997,0.00,0.00,5351326004629.38
4/21/1997,0.00,0.00,5352733602413.77
4/22/1997,0.00,0.00,5340281332685.87
4/23/1997,0.00,0.00,5345088835181.58
4/24/1997,0.00,0.00,5343216863246.54
4/25/1997,0.00,0.00,5345392363906.29
4/28/1997,0.00,0.00,5347125099434.10
4/29/1997,0.00,0.00,5348144848321.78
4/30/1997,0.00,0.00,5353971314439.39
5/1/1997,0.00,0.00,5338452915570.05
5/2/1997,0.00,0.00,5331758952154.60
5/5/1997,0.00,0.00,5332472495590.76
5/6/1997,0.00,0.00,5337028737421.51
5/7/1997,0.00,0.00,5336081916565.07
5/8/1997,0.00,0.00,5330417059281.37
5/9/1997,0.00,0.00,5331940681736.92
5/12/1997,0.00,0.00,5334444824118.40
5/13/1997,0.00,0.00,5337494540137.51
5/14/1997,0.00,0.00,5339781396107.91
5/15/1997,0.00,0.00,5344063176240.27
5/16/1997,0.00,0.00,5343648869296.26
5/19/1997,0.00,0.00,5344451048224.65
5/20/1997,0.00,0.00,5346367814885.12
5/21/1997,0.00,0.00,5348057972766.87
5/22/1997,0.00,0.00,5344819275286.24
5/23/1997,0.00,0.00,5345787561953.41
5/27/1997,0.00,0.00,5347617345422.70
5/28/1997,0.00,0.00,5349662215511.30
5/29/1997,0.00,0.00,5346269908776.69
5/30/1997,0.00,0.00,5344961362266.83
6/2/1997,0.00,0.00,5336777463335.09
6/3/1997,0.00,0.00,5357051372991.40
6/4/1997,0.00,0.00,5358712178993.49
6/5/1997,0.00,0.00,5355964934314.05
6/6/1997,0.00,0.00,5352776809883.07
6/9/1997,0.00,0.00,5348703813773.07
6/10/1997,0.00,0.00,5351973547710.08
6/11/1997,0.00,0.00,5355419342837.75
6/12/1997,0.00,0.00,5352849149507.42
6/13/1997,0.00,0.00,5354082862951.39
6/16/1997,0.00,0.00,5355412554888.33
6/17/1997,0.00,0.00,5329352124923.40
6/18/1997,0.00,0.00,5332271639188.30
6/19/1997,0.00,0.00,5330018602378.07
6/20/1997,0.00,0.00,5331587514810.20
6/23/1997,0.00,0.00,5332782057516.70
6/24/1997,0.00,0.00,5336557573448.51
6/25/1997,0.00,0.00,5339644139769.58
6/26/1997,0.00,0.00,5338210524473.68
6/27/1997,0.00,0.00,5338515379713.31
6/30/1997,0.00,0.00,5376151252876.02
7/1/1997,0.00,0.00,5368022982421.00
7/2/1997,0.00,0.00,5370040125749.94
7/3/1997,0.00,0.00,5356041465566.82
7/7/1997,0.00,0.00,5355915100573.58
7/8/1997,0.00,0.00,5354619850034.63
7/9/1997,0.00,0.00,5359038067462.61
7/10/1997,0.00,0.00,5354745777274.06
7/11/1997,0.00,0.00,5355085035915.18
7/14/1997,0.00,0.00,5355393906769.08
7/15/1997,0.00,0.00,5357142567691.66
7/16/1997,0.00,0.00,5357953848082.50
7/17/1997,0.00,0.00,5363008572478.52
7/18/1997,0.00,0.00,5363155572034.79
7/21/1997,0.00,0.00,5363682543589.87
7/22/1997,0.00,0.00,5366067378744.76
7/23/1997,0.00,0.00,5367622941689.53
7/24/1997,0.00,0.00,5368881340728.99
7/25/1997,0.00,0.00,5369550452476.10
7/28/1997,0.00,0.00,5369966109620.66
7/29/1997,0.00,0.00,5373127138499.91
7/30/1997,0.00,0.00,5372436799991.80
7/31/1997,0.00,0.00,5373228560474.27
8/1/1997,0.00,0.00,5369980560809.61
8/4/1997,0.00,0.00,5371563370414.02
8/5/1997,0.00,0.00,5374023310947.78
8/6/1997,0.00,0.00,5372311792283.34
8/7/1997,0.00,0.00,5370248369406.88
8/8/1997,0.00,0.00,5370692829653.08
8/11/1997,0.00,0.00,5372292524897.88
8/12/1997,0.00,0.00,5374594368839.62
8/13/1997,0.00,0.00,5379248272995.83
8/14/1997,0.00,0.00,5380074522588.27
8/15/1997,0.00,0.00,5394165041072.99
8/18/1997,0.00,0.00,5395622445988.43
8/19/1997,0.00,0.00,5399330575978.72
8/20/1997,0.00,0.00,5400237045141.22
8/21/1997,0.00,0.00,5399825891045.86
8/22/1997,0.00,0.00,5399952193974.30
8/25/1997,0.00,0.00,5400132687470.42
8/26/1997,0.00,0.00,5404256365209.01
8/27/1997,0.00,0.00,5406394080822.54
8/28/1997,0.00,0.00,5405678975395.03
8/29/1997,0.00,0.00,5404420294885.51
9/2/1997,0.00,0.00,5424368836901.08
9/3/1997,0.00,0.00,5413621503580.39
9/4/1997,0.00,0.00,5413848970622.57
9/5/1997,0.00,0.00,5414427865442.08
9/8/1997,0.00,0.00,5411318696295.51
9/9/1997,0.00,0.00,5408443156374.66
9/10/1997,0.00,0.00,5410105013993.47
9/11/1997,0.00,0.00,5414576336750.83
9/12/1997,0.00,0.00,5415082668733.48
9/15/1997,0.00,0.00,5388983472859.37
9/16/1997,0.00,0.00,5391866026111.66
9/17/1997,0.00,0.00,5394894064595.35
9/18/1997,0.00,0.00,5374488603408.56
9/19/1997,0.00,0.00,5376828713094.47
9/22/1997,0.00,0.00,5378803586241.44
9/23/1997,0.00,0.00,5382650076978.81
9/24/1997,0.00,0.00,5384224726974.01
9/25/1997,0.00,0.00,5387703781934.24
9/26/1997,0.00,0.00,5387382191644.62
9/29/1997,0.00,0.00,5388315809652.79
9/30/1997,3789667546849.60,1623478464547.74,5413146011397.34
10/1/1997,0.00,0.00,5420505789573.34
10/2/1997,0.00,0.00,5387382191644.62
10/3/1997,0.00,0.00,5411881420892.37
10/6/1997,0.00,0.00,5413432617300.15
10/7/1997,0.00,0.00,5413432617300.15
10/8/1997,0.00,0.00,5413432617300.15
10/9/1997,0.00,0.00,5409087032816.86
10/10/1997,0.00,0.00,5410700313154.02
10/14/1997,0.00,0.00,5412698794445.84
10/15/1997,0.00,0.00,5414923137712.76
10/16/1997,0.00,0.00,5416174203759.08
10/17/1997,0.00,0.00,5418064201028.31
10/20/1997,0.00,0.00,5418457770302.08
10/21/1997,0.00,0.00,5420383941176.62
10/22/1997,0.00,0.00,5421844508272.92
10/23/1997,0.00,0.00,5424897442383.46
10/24/1997,0.00,0.00,5425466348255.95
10/27/1997,0.00,0.00,5427907147573.22
10/28/1997,0.00,0.00,5429321910123.66
10/29/1997,0.00,0.00,5429377880990.06
10/30/1997,0.00,0.00,5430869894529.83
10/31/1997,0.00,0.00,5427225185059.66
11/3/1997,0.00,0.00,5427078768247.28
11/4/1997,0.00,0.00,5432371961282.81
11/5/1997,0.00,0.00,5433411941085.78
11/6/1997,0.00,0.00,5431079031652.94
11/7/1997,0.00,0.00,5426731931109.43
11/10/1997,0.00,0.00,5428066600045.67
11/12/1997,0.00,0.00,5429798432997.19
11/13/1997,0.00,0.00,5430247270129.23
11/14/1997,0.00,0.00,5431087031356.83
11/17/1997,0.00,0.00,5447477607396.57
11/18/1997,0.00,0.00,5452223719150.53
11/19/1997,0.00,0.00,5452450571238.14
11/20/1997,0.00,0.00,5453722824485.86
11/21/1997,0.00,0.00,5453846340909.05
11/24/1997,0.00,0.00,5455043924692.49
11/25/1997,0.00,0.00,5458139864596.59
11/26/1997,0.00,0.00,5456501667108.65
11/28/1997,0.00,0.00,5462621557837.57
12/1/1997,0.00,0.00,5489774551535.81
12/2/1997,0.00,0.00,5489345726813.93
12/3/1997,0.00,0.00,5475039674271.27
12/4/1997,0.00,0.00,5476888289505.63
12/5/1997,0.00,0.00,5476603792792.89
12/8/1997,0.00,0.00,5475965824198.51
12/9/1997,0.00,0.00,5472670670026.80
12/10/1997,0.00,0.00,5474482104049.82
12/11/1997,0.00,0.00,5472596997786.56
12/12/1997,0.00,0.00,5473298399569.49
12/15/1997,0.00,0.00,5474663059889.36
12/16/1997,0.00,0.00,5442315818048.56
12/17/1997,0.00,0.00,5444855611810.11
12/18/1997,0.00,0.00,5447173794526.24
12/22/1997,0.00,0.00,5449103887432.13
12/23/1997,0.00,0.00,5452602685047.99
12/26/1997,0.00,0.00,5452644936513.43
12/29/1997,0.00,0.00,5456865348685.66
12/30/1997,0.00,0.00,5458504731473.30
12/31/1997,0.00,0.00,5502388012375.95
1/5/1998,0.00,0.00,5481924290553.50
1/6/1998,0.00,0.00,5486352648906.21
1/7/1998,0.00,0.00,5484646071706.36
1/8/1998,0.00,0.00,5479700204736.38
1/9/1998,0.00,0.00,5480038744944.38
1/12/1998,0.00,0.00,5481621078832.40
1/13/1998,0.00,0.00,5486749552798.75
1/14/1998,0.00,0.00,5488705496927.68
1/15/1998,0.00,0.00,5491815670026.21
1/16/1998,0.00,0.00,5492896688858.39
1/20/1998,0.00,0.00,5495525658807.45
1/21/1998,0.00,0.00,5501520207927.51
1/22/1998,0.00,0.00,5481558068711.56
1/23/1998,0.00,0.00,5485392047349.04
1/26/1998,0.00,0.00,5487280357810.54
1/27/1998,0.00,0.00,5490127380051.53
1/28/1998,0.00,0.00,5492555021481.16
1/29/1998,0.00,0.00,5494031011931.75
1/30/1998,0.00,0.00,5490064235079.64
2/2/1998,0.00,0.00,5483592532096.82
2/3/1998,0.00,0.00,5474822352150.77
2/4/1998,0.00,0.00,5475809861023.23
2/5/1998,0.00,0.00,5474663018859.28
2/6/1998,0.00,0.00,5472049936751.15
2/9/1998,0.00,0.00,5468966737716.36
2/10/1998,0.00,0.00,5471889906215.21
2/11/1998,0.00,0.00,5473648289477.06
2/12/1998,0.00,0.00,5474464732467.36
2/13/1998,0.00,0.00,5474687599259.03
2/17/1998,0.00,0.00,5510166063080.80
2/18/1998,0.00,0.00,5516263758020.16
2/19/1998,0.00,0.00,5515606648101.35
2/20/1998,0.00,0.00,5518340599802.18
2/23/1998,0.00,0.00,5519492792898.57
2/24/1998,0.00,0.00,5522503241725.24
2/25/1998,0.00,0.00,5524032303574.34
2/26/1998,0.00,0.00,5525003799622.62
2/27/1998,0.00,0.00,5520668318465.51
3/2/1998,0.00,0.00,5514791303162.77
3/3/1998,0.00,0.00,5528586832076.70
3/4/1998,0.00,0.00,5529409747928.18
3/5/1998,0.00,0.00,5528529698719.50
3/9/1998,0.00,0.00,5523019454633.25
3/10/1998,0.00,0.00,5525631040092.91
3/11/1998,0.00,0.00,5528971446018.69
3/12/1998,0.00,0.00,5529750398747.62
3/13/1998,0.00,0.00,5529816594280.28
3/16/1998,0.00,0.00,5530456190863.05
3/17/1998,0.00,0.00,5536663723483.42
3/18/1998,0.00,0.00,5537178813514.71
3/19/1998,0.00,0.00,5537630079097.83
3/20/1998,0.00,0.00,5538571184190.64
3/23/1998,0.00,0.00,5539832909123.38
3/24/1998,0.00,0.00,5542617421989.90
3/25/1998,0.00,0.00,5544337068114.14
3/26/1998,0.00,0.00,5546161688949.53
3/27/1998,0.00,0.00,5547110706640.96
3/30/1998,0.00,0.00,5545895416499.33
3/31/1998,0.00,0.00,5542425768605.91
4/1/1998,0.00,0.00,5540550647696.94
4/2/1998,0.00,0.00,5540086164177.98
4/3/1998,0.00,0.00,5544609878334.80
4/6/1998,0.00,0.00,5546406414816.29
4/7/1998,0.00,0.00,5549130557811.32
4/8/1998,0.00,0.00,5547146518685.79
4/9/1998,0.00,0.00,5542952825462.55
4/10/1998,0.00,0.00,5543254872492.29
4/13/1998,0.00,0.00,5545139058588.81
4/14/1998,0.00,0.00,5547605759008.70
4/15/1998,0.00,0.00,5551285055049.62
4/16/1998,0.00,0.00,5510368780123.31
4/17/1998,0.00,0.00,5512826076386.32
4/20/1998,0.00,0.00,5514299725342.15
4/21/1998,0.00,0.00,5518978332463.05
4/22/1998,0.00,0.00,5521690068621.47
4/23/1998,0.00,0.00,5501159283287.65
4/24/1998,0.00,0.00,5505293755428.21
4/27/1998,0.00,0.00,5507607026200.10
4/28/1998,0.00,0.00,5512793625127.26
4/29/1998,0.00,0.00,5512958788432.21
4/30/1998,0.00,0.00,5499894559513.94
5/1/1998,0.00,0.00,5501155718728.09
5/4/1998,0.00,0.00,5477263228571.00
5/5/1998,0.00,0.00,5486129027438.95
5/6/1998,0.00,0.00,5485513178742.02
5/7/1998,0.00,0.00,5484428466805.99
5/8/1998,0.00,0.00,5485869171398.56
5/11/1998,0.00,0.00,5487765423650.36
5/12/1998,0.00,0.00,5491841497777.68
5/13/1998,0.00,0.00,5492157484525.10
5/14/1998,0.00,0.00,5492886169970.40
5/15/1998,0.00,0.00,5496348505044.25
5/18/1998,0.00,0.00,5497225027113.83
5/20/1998,0.00,0.00,5502138799604.60
5/21/1998,0.00,0.00,5503780049716.42
5/22/1998,0.00,0.00,5504518484222.82
5/26/1998,0.00,0.00,5506917230218.54
5/27/1998,0.00,0.00,5510918106737.37
5/28/1998,0.00,0.00,5504211009027.55
5/29/1998,0.00,0.00,5506355797435.19
6/1/1998,0.00,0.00,5495092820910.61
6/2/1998,0.00,0.00,5495272889927.74
6/3/1998,0.00,0.00,5496176063717.35
6/4/1998,0.00,0.00,5496567867122.10
6/5/1998,0.00,0.00,5496434514361.23
6/8/1998,0.00,0.00,5495352165488.00
6/9/1998,0.00,0.00,5493569839079.81
6/10/1998,0.00,0.00,5495636727532.95
6/11/1998,0.00,0.00,5496698230711.55
6/12/1998,0.00,0.00,5499026995472.09
6/15/1998,0.00,0.00,5484471490444.43
6/16/1998,0.00,0.00,5489043503639.58
6/17/1998,0.00,0.00,5491718359124.33
6/18/1998,0.00,0.00,5493495592635.84
6/19/1998,0.00,0.00,5493981708739.93
6/22/1998,0.00,0.00,5496659912687.35
6/23/1998,0.00,0.00,5500927020489.88
6/24/1998,0.00,0.00,5503890151659.51
6/25/1998,0.00,0.00,5504168372205.11
6/26/1998,0.00,0.00,5504431464282.68
6/29/1998,0.00,0.00,5502438094494.05
6/30/1998,0.00,0.00,5547934743559.81
7/1/1998,0.00,0.00,5541450796138.74
7/2/1998,0.00,0.00,5528078937046.71
7/3/1998,0.00,0.00,5528258076325.62
7/6/1998,0.00,0.00,5529920619100.92
7/7/1998,0.00,0.00,5530116137980.45
7/8/1998,0.00,0.00,5529002150322.41
7/9/1998,0.00,0.00,5526093018467.09
7/10/1998,0.00,0.00,5525566285491.56
7/13/1998,0.00,0.00,5528488599737.13
7/14/1998,0.00,0.00,5530848048686.17
7/15/1998,0.00,0.00,5529722681857.67
7/16/1998,0.00,0.00,5531079562651.15
7/17/1998,0.00,0.00,5532637423771.79
7/20/1998,0.00,0.00,5532950037759.42
7/21/1998,0.00,0.00,5535209449941.52
7/22/1998,0.00,0.00,5536743281758.09
7/23/1998,0.00,0.00,5537084024142.92
7/24/1998,0.00,0.00,5537391525542.80
7/27/1998,0.00,0.00,5539292609934.58
7/28/1998,0.00,0.00,5541905887168.73
7/29/1998,0.00,0.00,5543291232392.53
7/30/1998,0.00,0.00,5544483020736.63
7/31/1998,0.00,0.00,5527738221101.41
8/3/1998,0.00,0.00,5505963976429.83
8/4/1998,0.00,0.00,5511741490859.86
8/5/1998,0.00,0.00,5514093619372.78
8/6/1998,0.00,0.00,5517902323771.68
8/7/1998,0.00,0.00,5510713867201.30
8/10/1998,0.00,0.00,5511844135557.08
8/11/1998,0.00,0.00,5514714531707.17
8/12/1998,0.00,0.00,5515569756530.87
8/13/1998,0.00,0.00,5518315041910.90
8/14/1998,0.00,0.00,5518104260708.78
8/17/1998,0.00,0.00,5530594325531.29
8/18/1998,0.00,0.00,5535159183065.73
8/19/1998,0.00,0.00,5535376759081.01
8/20/1998,0.00,0.00,5535395058474.28
8/21/1998,0.00,0.00,5535171573451.29
8/24/1998,0.00,0.00,5535880250975.23
8/25/1998,0.00,0.00,5538203732687.43
8/26/1998,0.00,0.00,5538744375503.92
8/27/1998,0.00,0.00,5540061848094.75
8/28/1998,0.00,0.00,5538053974834.55
8/31/1998,0.00,0.00,5564553479478.04
9/1/1998,0.00,0.00,5559258503320.20
9/2/1998,0.00,0.00,5566129223474.84
9/3/1998,0.00,0.00,5547711198558.30
9/4/1998,0.00,0.00,5547400016580.17
9/8/1998,0.00,0.00,5548700311164.48
9/9/1998,0.00,0.00,5548476705773.12
9/10/1998,0.00,0.00,5545657954586.91
9/11/1998,0.00,0.00,5547277485008.59
9/14/1998,0.00,0.00,5548258444676.13
9/15/1998,0.00,0.00,5511724391342.63
9/16/1998,0.00,0.00,5510133012971.17
9/17/1998,0.00,0.00,5514091417890.65
9/18/1998,0.00,0.00,5516026623213.76
9/21/1998,0.00,0.00,5510750292549.80
9/22/1998,0.00,0.00,5515818621727.95
9/23/1998,0.00,0.00,5517883379683.46
9/24/1998,0.00,0.00,5523268372227.36
9/25/1998,0.00,0.00,5523820694890.03
9/28/1998,0.00,0.00,5525125982443.88
9/29/1998,0.00,0.00,5523785740880.23
9/30/1998,3733864472163.53,1792328536734.09,5526193008897.62
10/1/1998,0.00,0.00,5540570493226.32
10/2/1998,0.00,0.00,5525136204444.24
10/5/1998,0.00,0.00,5527218225445.49
10/6/1998,0.00,0.00,5536217307823.51
10/7/1998,0.00,0.00,5533657715092.27
10/8/1998,0.00,0.00,5534495650216.57
10/9/1998,0.00,0.00,5535718268384.09
10/13/1998,0.00,0.00,5537720928486.41
10/14/1998,0.00,0.00,5536803329458.17
10/15/1998,0.00,0.00,5537594092417.87
10/16/1998,0.00,0.00,5539382200885.97
10/19/1998,0.00,0.00,5541765173290.62
10/20/1998,0.00,0.00,5543686190391.39
10/21/1998,0.00,0.00,5543587875319.12
10/22/1998,0.00,0.00,5548924067817.40
10/23/1998,0.00,0.00,5554198090891.71
10/26/1998,0.00,0.00,5555572475788.72
10/27/1998,0.00,0.00,5557416101104.51
10/28/1998,0.00,0.00,5557838604397.34
10/29/1998,0.00,0.00,5559427769133.11
10/30/1998,0.00,0.00,5559254634398.44
11/2/1998,0.00,0.00,5539037263160.39
11/3/1998,0.00,0.00,5553893306720.42
11/4/1998,0.00,0.00,5555731529597.33
11/5/1998,0.00,0.00,5561271069539.45
11/6/1998,0.00,0.00,5558821285886.47
11/9/1998,0.00,0.00,5556814808618.10
11/10/1998,0.00,0.00,5558618097870.50
11/12/1998,0.00,0.00,5560595781304.53
11/13/1998,0.00,0.00,5562541408964.77
11/16/1998,0.00,0.00,5581706345787.83
11/17/1998,0.00,0.00,5586021327323.14
11/18/1998,0.00,0.00,5586312225504.63
11/19/1998,0.00,0.00,5591105215418.59
11/20/1998,0.00,0.00,5593158053701.12
11/23/1998,0.00,0.00,5594943925581.82
11/24/1998,0.00,0.00,5597306037397.16
11/25/1998,0.00,0.00,5596997375067.14
11/27/1998,0.00,0.00,5603956518285.54
11/30/1998,0.00,0.00,5591979348249.72
12/1/1998,0.00,0.00,5608159580455.89
12/2/1998,0.00,0.00,5607927299073.65
12/3/1998,0.00,0.00,5598900714210.85
12/4/1998,0.00,0.00,5598758049805.53
12/7/1998,0.00,0.00,5599622890499.18
12/8/1998,0.00,0.00,5598889813668.11
12/9/1998,0.00,0.00,5594898926271.30
12/10/1998,0.00,0.00,5598802622188.50
12/11/1998,0.00,0.00,5599911911556.60
12/14/1998,0.00,0.00,5600860891144.74
12/15/1998,0.00,0.00,5580235192012.15
12/16/1998,0.00,0.00,5581027313048.25
12/17/1998,0.00,0.00,5588014790426.31
12/18/1998,0.00,0.00,5583950306972.53
12/21/1998,0.00,0.00,5585849571167.62
12/22/1998,0.00,0.00,5589437087693.48
12/23/1998,0.00,0.00,5589804102482.41
12/24/1998,0.00,0.00,5591922343937.81
12/28/1998,0.00,0.00,5592658697822.58
12/29/1998,0.00,0.00,5597063843020.57
12/30/1998,0.00,0.00,5595994336765.74
12/31/1998,0.00,0.00,5614217021195.87
1/4/1999,0.00,0.00,5606630290821.39
1/5/1999,0.00,0.00,5609529098608.49
1/6/1999,0.00,0.00,5615428551461.33
1/7/1999,0.00,0.00,5612204125073.81
1/8/1999,0.00,0.00,5612919300437.72
1/11/1999,0.00,0.00,5614992595555.12
1/12/1999,0.00,0.00,5618011217966.52
1/13/1999,0.00,0.00,5618299396528.70
1/14/1999,0.00,0.00,5617728448220.89
1/15/1999,0.00,0.00,5616950859308.91
1/19/1999,0.00,0.00,5619058055434.62
1/20/1999,0.00,0.00,5623807213463.02
1/21/1999,0.00,0.00,5600287708585.56
1/22/1999,0.00,0.00,5603017933762.14
1/25/1999,0.00,0.00,5605637748649.35
1/26/1999,0.00,0.00,5608458532981.22
1/27/1999,0.00,0.00,5608643439718.59
1/28/1999,0.00,0.00,5609326147376.72
1/29/1999,0.00,0.00,5610117097678.95
2/1/1999,0.00,0.00,5588099467924.97
2/2/1999,0.00,0.00,5594816922040.75
2/3/1999,0.00,0.00,5584674705935.07
2/4/1999,0.00,0.00,5584639596206.08
2/5/1999,0.00,0.00,5585490064776.03
2/8/1999,0.00,0.00,5585152552880.93
2/9/1999,0.00,0.00,5585068055207.92
2/10/1999,0.00,0.00,5585853820767.03
2/11/1999,0.00,0.00,5587508878762.60
2/12/1999,0.00,0.00,5588062219274.99
2/16/1999,0.00,0.00,5608540076358.03
2/17/1999,0.00,0.00,5613891503342.53
2/18/1999,0.00,0.00,5613957968591.41
2/19/1999,0.00,0.00,5615449357785.96
2/22/1999,0.00,0.00,5617212277099.84
2/23/1999,0.00,0.00,5619947525857.17
2/24/1999,0.00,0.00,5620229439635.41
2/25/1999,0.00,0.00,5620928184943.17
2/26/1999,0.00,0.00,5621945513528.00
3/1/1999,0.00,0.00,5643045679358.32
3/2/1999,0.00,0.00,5649288631596.74
3/3/1999,0.00,0.00,5653396336274.78
3/4/1999,0.00,0.00,5653049331534.24
3/5/1999,0.00,0.00,5652546580761.78
3/8/1999,0.00,0.00,5651492822388.40
3/9/1999,0.00,0.00,5650748864597.49
3/10/1999,0.00,0.00,5652343384711.69
3/11/1999,0.00,0.00,5653123441281.45
3/12/1999,0.00,0.00,5653581734840.04
3/15/1999,0.00,0.00,5634976613497.51
3/16/1999,0.00,0.00,5639342063058.30
3/17/1999,0.00,0.00,5641694979239.08
3/19/1999,0.00,0.00,5640185158295.15
3/22/1999,0.00,0.00,5642227279510.37
3/23/1999,0.00,0.00,5645199129224.03
3/24/1999,0.00,0.00,5645338661953.64
3/25/1999,0.00,0.00,5647292590242.93
3/26/1999,0.00,0.00,5646620374086.62
3/29/1999,0.00,0.00,5647515438125.67
3/30/1999,0.00,0.00,5647147509757.38
3/31/1999,0.00,0.00,5651615289284.87
4/1/1999,0.00,0.00,5675647233080.52
4/2/1999,0.00,0.00,5660859068099.45
4/5/1999,0.00,0.00,5662954603906.44
4/6/1999,0.00,0.00,5665194018585.53
4/7/1999,0.00,0.00,5663113018155.76
4/8/1999,0.00,0.00,5660855046723.31
4/9/1999,0.00,0.00,5661252699346.90
4/12/1999,0.00,0.00,5663866732410.23
4/13/1999,0.00,0.00,5666223263670.85
4/14/1999,0.00,0.00,5666830242609.56
4/15/1999,0.00,0.00,5638882982524.06
4/16/1999,0.00,0.00,5640540994484.49
4/19/1999,0.00,0.00,5624235766178.82
4/20/1999,0.00,0.00,5628407736077.41
4/21/1999,0.00,0.00,5630289872162.63
4/22/1999,0.00,0.00,5592390096400.03
4/23/1999,0.00,0.00,5586140738923.35
4/26/1999,0.00,0.00,5591807374069.84
4/27/1999,0.00,0.00,5596529776391.98
4/28/1999,0.00,0.00,5598229787052.49
4/29/1999,0.00,0.00,5597263457235.83
4/30/1999,0.00,0.00,5585839850171.61
5/3/1999,0.00,0.00,5562741424540.43
5/4/1999,0.00,0.00,5563049386516.94
5/5/1999,0.00,0.00,5573001415759.57
5/6/1999,0.00,0.00,5573136824813.38
5/7/1999,0.00,0.00,5569913164536.03
5/10/1999,0.00,0.00,5571919882068.64
5/11/1999,0.00,0.00,5575359326029.03
5/12/1999,0.00,0.00,5578150283470.74
5/13/1999,0.00,0.00,5579720008674.59
5/14/1999,0.00,0.00,5580329294134.40
5/17/1999,0.00,0.00,5587730041115.05
5/18/1999,0.00,0.00,5593840202404.86
5/19/1999,0.00,0.00,5593797968334.37
5/20/1999,0.00,0.00,5596252483872.85
5/21/1999,0.00,0.00,5596857521196.34
5/24/1999,0.00,0.00,5597942875397.10
5/25/1999,0.00,0.00,5600993485850.44
5/26/1999,0.00,0.00,5602150880889.93
5/27/1999,0.00,0.00,5601414914532.00
5/28/1999,0.00,0.00,5604198055526.11
6/1/1999,0.00,0.00,5595743189875.83
6/2/1999,0.00,0.00,5599337449827.73
6/3/1999,0.00,0.00,5605304260057.03
6/4/1999,0.00,0.00,5605818000792.65
6/7/1999,0.00,0.00,5606738885838.87
6/8/1999,0.00,0.00,5607597460814.09
6/9/1999,0.00,0.00,5604848624148.74
6/10/1999,0.00,0.00,5606864642836.13
6/11/1999,0.00,0.00,5606704532050.51
6/14/1999,0.00,0.00,5608264664474.06
6/15/1999,0.00,0.00,5579687074229.55
6/16/1999,0.00,0.00,5581245428829.42
6/17/1999,0.00,0.00,5585233665272.21
6/18/1999,0.00,0.00,5586894742812.97
6/21/1999,0.00,0.00,5589358011973.65
6/22/1999,0.00,0.00,5593512029751.90
6/23/1999,0.00,0.00,5594431506414.50
6/24/1999,0.00,0.00,5599256430419.83
6/25/1999,0.00,0.00,5599474776223.74
6/28/1999,0.00,0.00,5600865929234.63
6/29/1999,0.00,0.00,5602716451360.35
6/30/1999,0.00,0.00,5638780248334.54
7/1/1999,0.00,0.00,5632318946849.83
7/2/1999,0.00,0.00,5618125733699.75
7/6/1999,0.00,0.00,5622054029363.59
7/7/1999,0.00,0.00,5627555905373.87
7/8/1999,0.00,0.00,5624257730228.07
7/9/1999,0.00,0.00,5623337708599.03
7/12/1999,0.00,0.00,5621471104821.73
7/13/1999,0.00,0.00,5625005258555.97
7/14/1999,0.00,0.00,5624306987432.02
7/15/1999,0.00,0.00,5625473322843.46
7/16/1999,0.00,0.00,5626175786965.76
7/19/1999,0.00,0.00,5628492605942.62
7/20/1999,0.00,0.00,5630644963071.99
7/21/1999,0.00,0.00,5630350182425.20
7/22/1999,0.00,0.00,5635712610638.47
7/23/1999,0.00,0.00,5636001455884.82
7/26/1999,0.00,0.00,5636525745471.93
7/27/1999,0.00,0.00,5640525290562.24
7/28/1999,0.00,0.00,5640294174290.65
7/29/1999,0.00,0.00,5640577276840.14
7/30/1999,0.00,0.00,5638655711931.60
8/2/1999,0.00,0.00,5626552692300.04
8/3/1999,0.00,0.00,5613220970175.47
8/4/1999,0.00,0.00,5615253056263.06
8/5/1999,0.00,0.00,5617765258723.59
8/6/1999,0.00,0.00,5615528283134.23
8/10/1999,0.00,0.00,5616938195166.66
8/11/1999,0.00,0.00,5618727265574.90
8/12/1999,0.00,0.00,5622361073910.13
8/13/1999,0.00,0.00,5622406564597.33
8/16/1999,0.00,0.00,5635173261192.82
8/17/1999,0.00,0.00,5640094765091.67
8/18/1999,0.00,0.00,5639508512026.47
8/19/1999,0.00,0.00,5640132828484.53
8/20/1999,0.00,0.00,5640549225249.30
8/23/1999,0.00,0.00,5641593878674.03
8/24/1999,0.00,0.00,5646847313983.21
8/25/1999,0.00,0.00,5648132785383.86
8/26/1999,0.00,0.00,5649404969809.40
8/27/1999,0.00,0.00,5649777641199.26
8/30/1999,0.00,0.00,5647647578566.62
8/31/1999,0.00,0.00,5672386167530.41
9/1/1999,0.00,0.00,5665821661922.61
9/2/1999,0.00,0.00,5668121162949.06
9/3/1999,0.00,0.00,5653051336956.36
9/7/1999,0.00,0.00,5654526718244.87
9/8/1999,0.00,0.00,5656209987935.17
9/9/1999,0.00,0.00,5654163509938.96
9/10/1999,0.00,0.00,5652191549114.70
9/13/1999,0.00,0.00,5654837966230.82
9/14/1999,0.00,0.00,5657645658855.66
9/15/1999,0.00,0.00,5622781375940.99
9/16/1999,0.00,0.00,5626118631949.85
9/17/1999,0.00,0.00,5628393928253.41
9/20/1999,0.00,0.00,5630758913440.68
9/21/1999,0.00,0.00,5634836758964.63
9/22/1999,0.00,0.00,5636049287069.79
9/23/1999,0.00,0.00,5638477894300.66
9/24/1999,0.00,0.00,5638915059997.81
9/27/1999,0.00,0.00,5641247753162.35
9/28/1999,0.00,0.00,5647297448741.19
9/29/1999,0.00,0.00,5645399491050.88
9/30/1999,3636104594501.81,2020166307131.62,5656270901633.43
10/1/1999,0.00,0.00,5652679330611.02
10/4/1999,0.00,0.00,5654411268306.82
10/5/1999,0.00,0.00,5657493668389.71
10/6/1999,0.00,0.00,5654882997504.81
10/7/1999,0.00,0.00,5655996702350.43
10/8/1999,0.00,0.00,5660032556386.77
10/12/1999,0.00,0.00,5660733437442.56
10/13/1999,0.00,0.00,5662720361489.64
10/14/1999,0.00,0.00,5666668943905.59
10/15/1999,0.00,0.00,5664657029541.87
10/18/1999,0.00,0.00,5665686659599.87
10/19/1999,0.00,0.00,5670293241725.48
10/20/1999,0.00,0.00,5669462199918.75
10/21/1999,0.00,0.00,5674630439167.90
10/22/1999,0.00,0.00,5674164714443.85
10/25/1999,0.00,0.00,5676428132415.49
10/26/1999,0.00,0.00,5678650010507.85
10/27/1999,0.00,0.00,5678661795378.98
10/28/1999,0.00,0.00,5679997981623.62
10/29/1999,0.00,0.00,5679726662904.06
11/1/1999,0.00,0.00,5664867046795.77
11/2/1999,0.00,0.00,5668409010147.10
11/3/1999,0.00,0.00,5654990773682.18
11/4/1999,0.00,0.00,5661320445773.37
11/5/1999,0.00,0.00,5661710720483.34
11/8/1999,0.00,0.00,5660688811424.68
11/9/1999,0.00,0.00,5659600009349.26
11/10/1999,0.00,0.00,5660918311366.45
11/12/1999,0.00,0.00,5665243087172.98
11/15/1999,0.00,0.00,5686436332009.22
11/16/1999,0.00,0.00,5689775697887.62
11/17/1999,0.00,0.00,5690918151426.47
11/18/1999,0.00,0.00,5693813174823.97
11/19/1999,0.00,0.00,5694014675228.15
11/22/1999,0.00,0.00,5695315246326.45
11/23/1999,0.00,0.00,5687109970642.96
11/24/1999,0.00,0.00,5696176434485.80
11/26/1999,0.00,0.00,5702333183775.77
11/29/1999,0.00,0.00,5702010056766.20
12/1/1999,0.00,0.00,5714083031138.88
12/2/1999,0.00,0.00,5718267953052.42
12/3/1999,0.00,0.00,5703526431290.90
12/6/1999,0.00,0.00,5704380841473.74
12/7/1999,0.00,0.00,5706113988642.31
12/8/1999,0.00,0.00,5703071843291.09
12/9/1999,0.00,0.00,5702641000013.63
12/10/1999,0.00,0.00,5702481066883.11
12/13/1999,0.00,0.00,5705445602096.34
12/14/1999,0.00,0.00,5708309702703.13
12/15/1999,0.00,0.00,5706990981165.37
12/16/1999,0.00,0.00,5713411260316.20
12/17/1999,0.00,0.00,5715779111364.77
12/20/1999,0.00,0.00,5716405165061.87
12/21/1999,0.00,0.00,5728801689365.32
12/22/1999,0.00,0.00,5728275646565.25
12/23/1999,0.00,0.00,5733956459186.53
12/24/1999,0.00,0.00,5734423249146.40
12/27/1999,0.00,0.00,5736322890374.09
12/28/1999,0.00,0.00,5738288269966.23
12/29/1999,0.00,0.00,5731407059018.89
12/30/1999,0.00,0.00,5733523061545.78
12/31/1999,0.00,0.00,5776091314225.33
1/3/2000,0.00,0.00,5751743092605.50
1/4/2000,0.00,0.00,5758316426486.15
1/5/2000,0.00,0.00,5758914216192.02
1/6/2000,0.00,0.00,5758771904732.40
1/7/2000,0.00,0.00,5754332677298.67
1/10/2000,0.00,0.00,5755362337349.58
1/11/2000,0.00,0.00,5759580265748.75
1/12/2000,0.00,0.00,5759460143654.90
1/13/2000,0.00,0.00,5719457826074.43
1/14/2000,0.00,0.00,5719849572269.03
1/18/2000,0.00,0.00,5720294602320.21
1/19/2000,0.00,0.00,5727150582479.46
1/20/2000,0.00,0.00,5706174969873.86
1/21/2000,0.00,0.00,5711817746476.20
1/24/2000,0.00,0.00,5717202915584.34
1/25/2000,0.00,0.00,5713302084517.53
1/26/2000,0.00,0.00,5711730807880.49
1/27/2000,0.00,0.00,5721021925594.31
1/28/2000,0.00,0.00,5719617669335.03
1/31/2000,0.00,0.00,5711285168951.46
2/1/2000,0.00,0.00,5702651446667.03
2/2/2000,0.00,0.00,5702134559981.88
2/3/2000,0.00,0.00,5690372687653.89
2/4/2000,0.00,0.00,5691096297325.05
2/7/2000,0.00,0.00,5693618340748.18
2/8/2000,0.00,0.00,5694611209189.87
2/9/2000,0.00,0.00,5690617208881.34
2/10/2000,0.00,0.00,5692476887663.77
2/11/2000,0.00,0.00,5692488848706.09
2/14/2000,0.00,0.00,5693874593019.53
2/15/2000,0.00,0.00,5705355135074.08
2/16/2000,0.00,0.00,5704636239474.18
2/17/2000,0.00,0.00,5708609026361.46
2/18/2000,0.00,0.00,5739814030329.64
2/23/2000,0.00,0.00,5744135736409.24
2/24/2000,0.00,0.00,5745442288460.59
2/25/2000,0.00,0.00,5748251779017.69
2/28/2000,0.00,0.00,5747333809275.61
2/29/2000,0.00,0.00,5735333348132.58
3/1/2000,0.00,0.00,5725649856797.45
3/2/2000,0.00,0.00,5732418769036.22
3/3/2000,0.00,0.00,5742858530572.10
3/6/2000,0.00,0.00,5745099557759.64
3/7/2000,0.00,0.00,5747932431376.73
3/8/2000,0.00,0.00,5745125070490.06
3/9/2000,0.00,0.00,5744560824206.30
3/10/2000,0.00,0.00,5745712662449.10
3/13/2000,0.00,0.00,5745831852208.71
3/14/2000,0.00,0.00,5748566517856.04
3/15/2000,0.00,0.00,5747793381625.76
3/16/2000,0.00,0.00,5724694663639.63
3/17/2000,0.00,0.00,5728671330064.36
3/20/2000,0.00,0.00,5728253942273.38
3/21/2000,0.00,0.00,5728846067846.82
3/22/2000,0.00,0.00,5727734275348.06
3/23/2000,0.00,0.00,5729458665582.66
3/24/2000,0.00,0.00,5730876091058.27
3/27/2000,0.00,0.00,5731795924886.02
3/28/2000,0.00,0.00,5733741907422.83
3/29/2000,0.00,0.00,5733451648545.39
3/30/2000,0.00,0.00,5788541874357.52
3/31/2000,0.00,0.00,5773391634682.91
4/3/2000,0.00,0.00,5750620100381.36
4/4/2000,0.00,0.00,5758854640223.41
4/5/2000,0.00,0.00,5758940935120.58
4/6/2000,0.00,0.00,5762301865002.06
4/7/2000,0.00,0.00,5758223953710.54
4/10/2000,0.00,0.00,5761021041671.35
4/11/2000,0.00,0.00,5763650722859.87
4/12/2000,0.00,0.00,5764655944486.86
4/13/2000,0.00,0.00,5767039169480.67
4/14/2000,0.00,0.00,5767671832142.44
4/17/2000,0.00,0.00,5757083549106.21
4/18/2000,0.00,0.00,5737569465214.72
4/19/2000,0.00,0.00,5736807961736.07
4/20/2000,0.00,0.00,5707061035803.79
4/21/2000,0.00,0.00,5709710106820.64
4/24/2000,0.00,0.00,5711905996688.11
4/25/2000,0.00,0.00,5714809510973.78
4/26/2000,0.00,0.00,5718483607979.32
4/27/2000,0.00,0.00,5680311128122.62
4/28/2000,0.00,0.00,5685108228594.76
5/1/2000,0.00,0.00,5660725641994.27
5/2/2000,0.00,0.00,5669550992339.00
5/3/2000,0.00,0.00,5658066936728.56
5/4/2000,0.00,0.00,5661532699593.02
5/5/2000,0.00,0.00,5662392522569.88
5/8/2000,0.00,0.00,5662693356964.51
5/9/2000,0.00,0.00,5662962880861.72
5/10/2000,0.00,0.00,5664193479449.87
5/11/2000,0.00,0.00,5666074628759.68
5/12/2000,0.00,0.00,5667021443140.97
5/15/2000,0.00,0.00,5665244853842.93
5/16/2000,0.00,0.00,5669366486429.39
5/17/2000,0.00,0.00,5671580132464.01
5/18/2000,0.00,0.00,5672936400453.12
5/19/2000,0.00,0.00,5673912681580.44
5/22/2000,0.00,0.00,5673857621024.05
5/23/2000,0.00,0.00,5676154056469.67
5/24/2000,0.00,0.00,5676761996112.82
5/25/2000,0.00,0.00,5666871102048.34
5/26/2000,0.00,0.00,5667116101269.73
5/30/2000,0.00,0.00,5663460034184.96
5/31/2000,0.00,0.00,5647169888532.25
6/1/2000,0.00,0.00,5646486626691.13
6/2/2000,0.00,0.00,5640080609534.56
6/5/2000,0.00,0.00,5642401863301.59
6/6/2000,0.00,0.00,5647513754741.07
6/7/2000,0.00,0.00,5645678929300.91
6/8/2000,0.00,0.00,5644928857090.87
6/9/2000,0.00,0.00,5645113216631.00
6/12/2000,0.00,0.00,5648173825800.99
6/13/2000,0.00,0.00,5651368584663.04
6/14/2000,0.00,0.00,5643728718133.89
6/15/2000,0.00,0.00,5644606868488.81
6/16/2000,0.00,0.00,5648305252669.45
6/19/2000,0.00,0.00,5649976295575.09
6/20/2000,0.00,0.00,5653559850881.99
6/21/2000,0.00,0.00,5653964505301.84
6/22/2000,0.00,0.00,5646010797231.14
6/23/2000,0.00,0.00,5646605711994.02
6/26/2000,0.00,0.00,5647618721190.63
6/27/2000,0.00,0.00,5650719953982.79
6/28/2000,0.00,0.00,5649147080050.00
6/29/2000,0.00,0.00,5645427846938.37
6/30/2000,0.00,0.00,5685938087296.66
7/3/2000,0.00,0.00,5656715920235.71
7/5/2000,0.00,0.00,5663895163292.22
7/6/2000,0.00,0.00,5665885115450.41
7/7/2000,0.00,0.00,5664950120488.65
7/10/2000,0.00,0.00,5662949608628.38
7/11/2000,0.00,0.00,5665065032353.04
7/12/2000,0.00,0.00,5664141886637.91
7/13/2000,0.00,0.00,5666740403750.26
7/14/2000,0.00,0.00,5666749557909.16
7/17/2000,0.00,0.00,5671572598778.11
7/18/2000,0.00,0.00,5680376489658.94
7/19/2000,0.00,0.00,5678196782955.74
7/20/2000,0.00,0.00,5665502891368.60
7/21/2000,0.00,0.00,5667708257883.47
7/24/2000,0.00,0.00,5668098197951.86
7/25/2000,0.00,0.00,5670717940248.21
7/26/2000,0.00,0.00,5669530258286.44
7/27/2000,0.00,0.00,5673849483128.50
7/28/2000,0.00,0.00,5671430125200.86
7/31/2000,0.00,0.00,5658807449906.68
8/1/2000,0.00,0.00,5652485270404.28
8/2/2000,0.00,0.00,5656022578326.22
8/3/2000,0.00,0.00,5640950837276.55
8/4/2000,0.00,0.00,5641562301191.80
8/7/2000,0.00,0.00,5643344135035.46
8/8/2000,0.00,0.00,5644680330202.24
8/9/2000,0.00,0.00,5641361915329.55
8/10/2000,0.00,0.00,5647243550426.66
8/11/2000,0.00,0.00,5648286329505.12
8/14/2000,0.00,0.00,5648846027637.05
8/15/2000,0.00,0.00,5679371484367.22
8/16/2000,0.00,0.00,5677493670632.09
8/17/2000,0.00,0.00,5670246155338.79
8/18/2000,0.00,0.00,5670329490959.40
8/21/2000,0.00,0.00,5670375401050.23
8/22/2000,0.00,0.00,5673442837103.28
8/23/2000,0.00,0.00,5672452556960.42
8/24/2000,0.00,0.00,5677681740802.04
8/25/2000,0.00,0.00,5677647064339.47
8/28/2000,0.00,0.00,5677115998144.41
8/29/2000,0.00,0.00,5679723029209.03
8/30/2000,0.00,0.00,5676995228067.60
8/31/2000,0.00,0.00,5677822307077.83
9/1/2000,0.00,0.00,5676516679692.56
9/5/2000,0.00,0.00,5678475470839.16
9/6/2000,0.00,0.00,5681881776256.37
9/7/2000,0.00,0.00,5680707239455.93
9/8/2000,0.00,0.00,5680083623060.12
9/11/2000,0.00,0.00,5680975300511.24
9/12/2000,0.00,0.00,5684118446519.63
9/13/2000,0.00,0.00,5685088778465.03
9/14/2000,0.00,0.00,5675575620669.30
9/15/2000,0.00,0.00,5649458049076.86
9/18/2000,0.00,0.00,5651871016617.17
9/19/2000,0.00,0.00,5658234946688.07
9/20/2000,0.00,0.00,5660515052511.42
9/21/2000,0.00,0.00,5644927300946.80
9/22/2000,0.00,0.00,5646596948282.03
9/25/2000,0.00,0.00,5646252666475.97
9/26/2000,0.00,0.00,5648781388359.77
9/27/2000,0.00,0.00,5650215693123.45
9/28/2000,0.00,0.00,5647797489451.39
9/29/2000,3405303490221.20,2268874719665.66,5674178209886.86
10/2/2000,0.00,0.00,5661548045674.53
10/3/2000,0.00,0.00,5653358623363.58
10/4/2000,0.00,0.00,5653380479214.62
10/5/2000,0.00,0.00,5662225814331.71
10/6/2000,0.00,0.00,5660786987693.59
10/10/2000,0.00,0.00,5658397995719.35
10/11/2000,0.00,0.00,5660113029266.52
10/12/2000,0.00,0.00,5652782594061.86
10/13/2000,0.00,0.00,5654691872296.28
10/16/2000,0.00,0.00,5660152346828.33
10/17/2000,0.00,0.00,5664975939816.81
10/18/2000,0.00,0.00,5664293307225.32
10/19/2000,0.00,0.00,5670716361031.21
10/20/2000,0.00,0.00,5671113923599.68
10/23/2000,0.00,0.00,5670684446983.21
10/24/2000,0.00,0.00,5674018471636.91
10/25/2000,0.00,0.00,5672690012239.29
10/26/2000,0.00,0.00,5677614391875.30
10/27/2000,0.00,0.00,5678667034082.46
10/30/2000,0.00,0.00,5675479560020.27
10/31/2000,0.00,0.00,5657327531667.14
11/1/2000,0.00,0.00,5680961418882.13
11/2/2000,0.00,0.00,5691725335190.51
11/3/2000,0.00,0.00,5676558033203.23
11/6/2000,0.00,0.00,5678648844656.97
11/7/2000,0.00,0.00,5681279424524.84
11/8/2000,0.00,0.00,5679555849883.62
11/10/2000,0.00,0.00,5672552063911.28
11/13/2000,0.00,0.00,5672143362653.09
11/14/2000,0.00,0.00,5675947901835.78
11/15/2000,0.00,0.00,5690309860010.61
11/16/2000,0.00,0.00,5697018859217.42
11/17/2000,0.00,0.00,5699605608462.98
11/20/2000,0.00,0.00,5699552938717.19
11/21/2000,0.00,0.00,5702078800235.91
11/22/2000,0.00,0.00,5701163257576.67
11/24/2000,0.00,0.00,5707111759932.43
11/27/2000,0.00,0.00,5709192249328.43
11/28/2000,0.00,0.00,5711686606331.30
11/29/2000,0.00,0.00,5709271037447.22
11/30/2000,0.00,0.00,5709699281427.00
12/1/2000,0.00,0.00,5719966855820.30
12/4/2000,0.00,0.00,5723013386410.80
12/5/2000,0.00,0.00,5725766524240.10
12/6/2000,0.00,0.00,5725118617894.72
12/7/2000,0.00,0.00,5717605135485.67
12/8/2000,0.00,0.00,5717976505434.98
12/11/2000,0.00,0.00,5717704373699.51
12/12/2000,0.00,0.00,5720302790724.90
12/13/2000,0.00,0.00,5720701862393.67
12/14/2000,0.00,0.00,5726713628599.18
12/15/2000,0.00,0.00,5689047905641.57
12/18/2000,0.00,0.00,5677827711900.99
12/19/2000,0.00,0.00,5683378289685.26
12/20/2000,0.00,0.00,5681426863675.59
12/21/2000,0.00,0.00,5657586457060.46
12/22/2000,0.00,0.00,5657372924635.71
12/26/2000,0.00,0.00,5661579846114.32
12/27/2000,0.00,0.00,5663706592936.09
12/28/2000,0.00,0.00,5665928609714.47
12/29/2000,0.00,0.00,5662216013697.37
1/2/2001,0.00,0.00,5728739508558.96
1/3/2001,0.00,0.00,5723237439563.59
1/4/2001,0.00,0.00,5719452925490.54
1/5/2001,0.00,0.00,5722338254319.31
1/9/2001,0.00,0.00,5725066298944.04
1/10/2001,0.00,0.00,5724315917828.49
1/11/2001,0.00,0.00,5734110648665.41
1/12/2001,0.00,0.00,5735197779458.19
1/16/2001,0.00,0.00,5711790291567.40
1/17/2001,0.00,0.00,5718517343351.92
1/18/2001,0.00,0.00,5725695166475.90
1/19/2001,0.00,0.00,5727776738304.64
