1/20/2009,6307310739681.66,4319566309231.42,10626877048913.00
1/21/2009,6307084792840.85,4317968751468.94,10625053544309.70
1/22/2009,6296701346374.02,4322017357000.76,10618718703374.70
1/23/2009,6296581792932.27,4323815333501.25,10620397126433.50
1/26/2009,6295576844311.51,4325280866450.80,10620857710762.30
1/27/2009,6295764899149.36,4330313735221.18,10626078634370.50
1/28/2009,6295524768735.12,4322336494448.18,10617861263183.30
1/29/2009,6309860670347.08,4316436749783.77,10626297420130.80
1/30/2009,6317224182633.94,4314781064103.03,10632005246736.90
2/2/2009,6363558989801.84,4304404278591.44,10667963268393.20
2/3/2009,6363420764397.43,4305222616959.48,10668643381356.90
2/4/2009,6363352273371.93,4305840035190.52,10669192308562.40
2/5/2009,6410020405165.47,4307977718122.23,10717998123287.70
2/6/2009,6410361244733.45,4306919126612.44,10717280371345.80
2/9/2009,6409788263996.47,4307937936851.67,10717726200848.10
2/10/2009,6410177089722.80,4311188702843.48,10721365792566.20
2/11/2009,6409955329202.02,4303168886370.18,10713124215572.20
2/12/2009,6453765915043.27,4305430672520.17,10759196587563.40
2/13/2009,6453497486531.27,4305518595121.72,10759016081652.90
2/17/2009,6481923355207.56,4307860405133.85,10789783760341.40
2/18/2009,6482101482601.99,4307824292594.77,10789925775196.70
2/19/2009,6495008105385.21,4307013876739.53,10802021982124.70
2/20/2009,6530346473368.37,4308411940796.09,10838758414164.40
2/23/2009,6529919612154.59,4309606979332.31,10839526591486.90
2/24/2009,6530393414088.52,4312961644772.39,10843355058860.90
2/25/2009,6530807049597.79,4306692181529.32,10837499231127.10
2/26/2009,6578855990306.71,4302303731715.65,10881159722022.30
2/27/2009,6579162708614.60,4297981792622.92,10877144501237.50
3/2/2009,6653326026607.72,4288839268043.17,10942165294650.80
3/3/2009,6653824446048.54,4290014483386.38,10943838929434.90
3/4/2009,6654449660910.95,4289888022070.53,10944337682981.40
3/5/2009,6661392934515.56,4291641477004.59,10953034411520.10
3/6/2009,6662243974550.62,4289334334308.40,10951578308859.00
3/9/2009,6662204653404.08,4290458377199.33,10952663030603.40
3/10/2009,6662656840626.19,4295751745596.24,10958408586222.40
3/11/2009,6662844615842.74,4288255021492.89,10951099637335.60
3/12/2009,6694196414273.22,4289353514455.52,10983549928728.70
3/13/2009,6694182755194.09,4289567427153.16,10983750182347.20
3/16/2009,6741972565592.27,4291185013077.51,11033157578669.70
3/17/2009,6742004029257.94,4300549942192.53,11042553971450.40
3/18/2009,6742241452096.13,4291983642294.90,11034225094391.00
3/19/2009,6746328587056.90,4293357543841.20,11039686130898.10
3/20/2009,6746757787199.50,4294049240358.60,11040807027558.10
3/23/2009,6746641784041.68,4295069760263.66,11041711544305.30
3/24/2009,6746864697941.99,4300063559068.21,11046928257010.20
3/25/2009,6746924596902.85,4290992284254.98,11037916881157.80
3/26/2009,6754100383090.75,4292147273958.73,11046247657049.40
3/27/2009,6753632237153.97,4291921873634.95,11045554110788.90
3/30/2009,6753702140034.65,4289886840644.25,11043588980678.90
3/31/2009,6833543454712.90,4293398031000.47,11126941485713.30
4/1/2009,6831800594362.03,4278853762847.30,11110654357209.30
4/2/2009,6839564838148.81,4284954463104.40,11124519301253.20
4/3/2009,6868532515279.65,4278034317017.68,11146566832297.30
4/6/2009,6868606323636.60,4280740447446.21,11149346771082.80
4/7/2009,6868729876036.67,4284042957799.22,11152772833835.80
4/8/2009,6868780515493.62,4276572184697.95,11145352700191.50
4/9/2009,6892835801149.21,4276630578859.11,11169466380008.30
4/10/2009,6892886957946.75,4276838689777.75,11169725647724.50
4/13/2009,6893196397961.72,4276782157153.76,11169978555115.40
4/14/2009,6893364260485.43,4278934477545.98,11172298738031.40
4/15/2009,6937569851513.76,4281293182764.94,11218863034278.70
4/16/2009,6898833674851.37,4285065577876.63,11183899252728.00
4/17/2009,6898873477415.95,4286842501567.43,11185715978983.30
4/20/2009,6899067097852.11,4290315420380.64,11189382518232.70
4/21/2009,6898703339762.18,4294756202617.74,11193459542379.90
4/22/2009,6898755078442.32,4292302285614.50,11191057364056.80
4/23/2009,6885897594432.37,4299025068430.48,11184922662862.80
4/24/2009,6885764355032.14,4299535837949.06,11185300192981.20
4/27/2009,6886050251524.20,4303406385212.01,11189456636736.20
4/28/2009,6886205201144.77,4308134222161.20,11194339423305.90
4/29/2009,6851477439024.13,4301444975364.15,11152922414388.20
4/30/2009,6930824942975.56,4307767198983.08,11238592141958.60
5/1/2009,6927622336982.99,4280453855317.56,11208076192300.50
5/4/2009,6927691087258.88,4292278895754.81,11219969983013.60
5/5/2009,6927814023783.68,4299650348057.80,11227464371841.40
5/6/2009,6927755259710.47,4299052225619.57,11226807485330.00
5/7/2009,6955434473527.65,4300832166522.55,11256266640050.20
5/8/2009,6955218139510.73,4303475655946.37,11258693795457.10
5/11/2009,6955188380355.05,4305266271776.21,11260454652131.20
5/12/2009,6955071171226.89,4308728572199.09,11263799743425.90
5/13/2009,6954980864876.37,4300978699542.06,11255959564418.40
5/14/2009,6968907881296.13,4301639516268.51,11270547397564.60
5/15/2009,6981972246485.76,4302138160938.75,11284110407424.50
5/18/2009,6981959429954.02,4304633885897.02,11286593315851.00
5/19/2009,6982204089081.65,4311151522176.86,11293355611258.50
5/20/2009,6982626272295.82,4302835770153.79,11285462042449.60
5/21/2009,6999368863588.18,4306304634446.00,11305673498034.10
5/22/2009,6999376165569.64,4302299761259.30,11301675926828.90
5/26/2009,6999554378645.33,4306040111554.32,11305594490199.60
5/27/2009,6999887200564.75,4301227677283.63,11301114877848.30
5/28/2009,7017392495125.85,4294289209960.29,11311681705086.10
5/29/2009,7019321525525.25,4302278379831.15,11321599905356.40
6/1/2009,7097861677672.01,4282104511903.04,11379966189575.00
6/2/2009,7098404965958.73,4284332749966.50,11382737715925.20
6/3/2009,7098401699224.91,4275864231380.85,11374265930605.70
6/4/2009,7110157488708.66,4278839898844.35,11388997387553.00
6/5/2009,7109931339362.69,4278012122302.12,11387943461664.80
6/8/2009,7109946379411.88,4280307730315.22,11390254109727.10
6/9/2009,7109972049499.36,4281487205929.59,11391459255428.90
6/10/2009,7110096282278.54,4273891322860.47,11383987605139.00
6/11/2009,7110580992583.70,4265045427725.93,11375626420309.60
6/12/2009,7110923807097.73,4264028922470.59,11374952729568.30
6/15/2009,7133203590883.64,4267520141568.57,11400723732452.20
6/16/2009,7133503894802.76,4272509065079.79,11406012959882.50
6/17/2009,7133486161909.16,4269284066164.82,11402770228073.90
6/18/2009,7127626496714.92,4271632300051.18,11399258796766.10
6/19/2009,7127310135039.52,4270401470980.48,11397711606020.00
6/22/2009,7127334842792.10,4273321725160.50,11400656567952.60
6/23/2009,7127688946496.39,4280284814654.63,11407973761151.00
6/24/2009,7092956714512.70,4272696225343.63,11365652939856.30
6/25/2009,7090100564668.36,4273413799696.85,11363514364365.20
6/26/2009,7090436316081.58,4272044101311.77,11362480417393.30
6/29/2009,7090563287093.66,4267837844037.80,11358401131131.40
6/30/2009,7174912385059.26,4370362961372.13,11545275346431.30
7/1/2009,7165693583729.37,4352779158558.63,11518472742288.00
7/2/2009,7139808033162.55,4349752966148.19,11489560999310.70
7/3/2009,7139790892443.39,4351197177442.45,11490988069885.80
7/6/2009,7169780092481.21,4350790143542.16,11520570236023.30
7/7/2009,7169995258496.69,4353847795193.26,11523843053689.90
7/8/2009,7170616284217.07,4344447940292.75,11515064224509.80
7/9/2009,7181012709229.66,4345291349595.88,11526304058825.50
7/10/2009,7180648435929.38,4343957854235.66,11524606290165.00
7/13/2009,7180647818637.96,4344745083363.64,11525392902001.60
7/14/2009,7180892052603.57,4348098814337.17,11528990866940.70
7/15/2009,7238613847252.09,4340814866700.44,11579428713952.50
7/16/2009,7254750253086.17,4343667690081.98,11598417943168.10
7/17/2009,7254812680474.55,4345675546208.70,11600488226683.20
7/20/2009,7254984489704.24,4346286205244.40,11601270694948.60
7/21/2009,7254662502679.06,4349701516406.55,11604364019085.60
7/22/2009,7254923561984.67,4340572226855.38,11595495788840.00
7/23/2009,7264963795966.75,4340557283875.38,11605521079842.10
7/24/2009,7264839437750.68,4341689160379.09,11606528598129.70
7/27/2009,7264917215650.08,4342870129229.66,11607787344879.70
7/28/2009,7265337549268.63,4347369896228.47,11612707445497.10
7/29/2009,7266070575578.65,4345146759522.41,11611217335101.00
7/30/2009,7240039191481.46,4341162599800.68,11581201791282.10
7/31/2009,7335573300422.11,4333678049082.54,11669251349504.60
8/3/2009,7330489761535.11,4318058383034.65,11648548144569.70
8/4/2009,7330433379272.34,4329210910739.55,11659644290011.80
8/5/2009,7330451353350.81,4328626520899.50,11659077874250.30
8/6/2009,7329873247080.89,4330269207123.06,11660142454203.90
8/7/2009,7330163714788.70,4328048993847.77,11658212708636.40
8/10/2009,7330385850531.73,4331561693784.16,11661947544315.80
8/11/2009,7330632603032.18,4335853381975.71,11666485985007.80
8/12/2009,7330714241624.47,4327478720825.36,11658192962449.80
8/13/2009,7334810561448.46,4328020320431.61,11662830881880.00
8/14/2009,7334828367708.06,4334954715567.74,11669783083275.80
8/17/2009,7347052559307.50,4335491884521.22,11682544443828.70
8/18/2009,7383334829316.71,4343259925031.24,11726594754347.90
8/19/2009,7384038351054.48,4334194051271.58,11718232402326.00
8/20/2009,7385126904158.71,4335701651221.45,11720828555380.10
8/21/2009,7385460451439.75,4333797741099.24,11719258192538.90
8/24/2009,7385932492348.44,4333128433517.42,11719060925865.80
8/25/2009,7386220240936.11,4344180381514.20,11730400622450.30
8/26/2009,7385754197070.25,4330809239461.14,11716563436531.30
8/27/2009,7393885646934.29,4331592189156.56,11725477836090.80
8/28/2009,7394008706466.14,4324750235164.76,11718758941630.90
8/31/2009,7484144701889.34,4328725448984.19,11812870150873.50
9/1/2009,7481218854095.12,4311699316741.31,11792918170836.40
9/2/2009,7481532410836.93,4316011290451.45,11797543701288.30
9/3/2009,7476060830240.66,4311001376472.84,11787062206713.50
9/4/2009,7476061494367.04,4308966732589.96,11785028226957.00
9/8/2009,7475870463047.58,4311549114689.11,11787419577736.60
9/9/2009,7476008300129.02,4308416483920.59,11784424784049.60
9/10/2009,7488335176394.84,4306710804041.77,11795045980436.60
9/11/2009,7488352210282.27,4306343094699.45,11794695304981.70
9/14/2009,7488158294444.95,4304457178826.84,11792615473271.70
9/15/2009,7522853517308.98,4311337127992.07,11834190645301.00
9/16/2009,7522975289278.60,4304991052929.83,11827966342208.40
9/17/2009,7505033339846.05,4304205698592.35,11809239038438.40
9/18/2009,7504720341482.68,4302946776814.99,11807667118297.60
9/21/2009,7504401248855.73,4306685198632.22,11811086447487.90
9/22/2009,7504395560786.57,4315233618015.71,11819629178802.20
9/23/2009,7504209459912.53,4309514321553.90,11813723781466.40
9/24/2009,7460692650285.88,4309987165520.25,11770679815806.10
9/25/2009,7460436135722.72,4310262021351.48,11770698157074.20
9/28/2009,7459662870571.13,4311787823173.87,11771450693745.00
9/29/2009,7460136852988.81,4315975995667.36,11776112848656.10
9/30/2009,7551861558736.77,4357967444774.98,11909829003511.70
10/1/2009,7505894097177.82,4414625067141.60,11920519164319.40
10/2/2009,7506060217428.15,4411888484141.91,11917948701570.00
10/5/2009,7506024509561.69,4413854612177.85,11919879121739.50
10/6/2009,7506665459975.17,4420770440973.73,11927435900948.90
10/7/2009,7506680720194.61,4419038807750.01,11925719527944.60
10/8/2009,7479183127883.09,4419769623061.44,11898952750944.50
10/9/2009,7479168824625.64,4416630467582.82,11895799292208.40
10/13/2009,7489508528359.81,4418100017463.43,11907608545823.20
10/14/2009,7489758664164.96,4413829996787.07,11903588660952.00
10/15/2009,7530213965500.18,4416489167307.16,11946703132807.30
10/16/2009,7530179294059.39,4418543249790.56,11948722543849.90
10/19/2009,7530348395836.58,4422263009932.44,11952611405769.00
10/20/2009,7530432902398.43,4426151846210.15,11956584748608.50
10/21/2009,7530693518040.49,4417762963533.49,11948456481573.90
10/22/2009,7475811772019.34,4420996472550.94,11896808244570.20
10/23/2009,7475706137162.55,4420182880613.60,11895889017776.10
10/26/2009,7475025203198.51,4422561190458.16,11897586393656.60
10/27/2009,7475651677449.49,4425777634298.42,11901429311747.90
10/28/2009,7476449717282.13,4417219163806.88,11893668881089.00
10/29/2009,7456680623919.04,4411776853992.90,11868457477911.90
10/30/2009,7487886930552.47,4405204097808.54,11893091028361.00
11/2/2009,7579884552516.45,4394853162699.66,11974737715216.10
11/3/2009,7580074149065.03,4398517463415.92,11978591612480.90
11/4/2009,7579989372018.96,4398964350806.94,11978953722825.90
11/5/2009,7588138019547.78,4402423425281.70,11990561444829.40
11/6/2009,7588065890982.59,4400812910708.59,11988878801691.10
11/9/2009,7588075478091.39,4401947063273.40,11990022541364.70
11/10/2009,7588373933038.29,4398580100482.27,11986954033520.50
11/12/2009,7594009912460.87,4397209623436.99,11991219535897.80
11/13/2009,7593746136388.96,4397760740024.11,11991506876413.00
11/16/2009,7632033766420.46,4399265419869.61,12031299186290.00
11/17/2009,7632297011780.48,4407022095708.32,12039319107488.80
11/18/2009,7632273641916.39,4397929059597.52,12030202701513.90
11/19/2009,7611173413686.03,4400613968580.58,12011787382266.60
11/20/2009,7611082619937.08,4399479122278.13,12010561742215.20
11/23/2009,7611033532327.81,4400805349135.87,12011838881463.60
11/24/2009,7611355868467.05,4404965065999.66,12016320934466.70
11/25/2009,7611881854893.50,4397572389940.29,12009454244833.70
11/27/2009,7615594035286.33,4393056347330.15,12008650382616.40
11/30/2009,7712387187111.25,4400660351004.17,12113047538115.40
12/1/2009,7707251353639.54,4381975112003.03,12089226465642.50
12/2/2009,7706913511693.73,4383911491676.53,12090825003370.20
12/3/2009,7709701348736.40,4377660326278.35,12087361675014.70
12/4/2009,7709911899968.76,4377532221580.29,12087444121549.00
12/7/2009,7709786826316.90,4376385288051.33,12086172114368.20
12/8/2009,7709847794394.50,4381445082700.36,12091292877094.80
12/9/2009,7710037318766.99,4369702033364.14,12079739352131.10
12/10/2009,7722301552725.35,4370371347676.99,12092672900402.30
12/11/2009,7722342580493.49,4359366802038.86,12081709382532.30
12/14/2009,7710218762278.54,4361062109639.86,12071280871918.40
12/15/2009,7769018438498.81,4365952118296.23,12134970556795.00
12/16/2009,7769366691556.14,4359706494494.15,12129073186050.20
12/17/2009,7732874151767.92,4364824630776.01,12097698782543.90
12/18/2009,7733584412748.27,4364398748618.38,12097983161366.60
12/21/2009,7733428598990.61,4365814427733.95,12099243026724.50
12/22/2009,7736047177964.39,4359025419244.77,12095072597209.10
12/23/2009,7736506773971.40,4366096654536.34,12102603428507.70
12/24/2009,7734527533727.08,4366745085232.01,12101272618959.00
12/28/2009,7734615628917.72,4369825585455.96,12104441214373.60
12/29/2009,7719580903990.08,4380637575286.08,12100218479276.10
12/30/2009,7727177503757.64,4417715512812.82,12144893016570.40
12/31/2009,7811008785487.30,4500340892024.73,12311349677512.00
1/4/2010,7803905887172.98,4486332271084.15,12290238158257.10
1/5/2010,7804260234037.82,4499040691664.36,12303300925702.10
1/6/2010,7804384050405.01,4497696109558.00,12302080159963.00
1/7/2010,7781593099593.51,4499252181924.08,12280845281517.50
1/8/2010,7781415376435.24,4499189221410.27,12280604597845.50
1/11/2010,7781189167268.88,4504295178518.44,12285484345787.30
1/12/2010,7781352915790.80,4509815618402.92,12291168534193.70
1/13/2010,7781208589623.65,4501065422048.54,12282274011672.10
1/14/2010,7756103310941.48,4502441717973.76,12258545028915.20
1/15/2010,7813183812102.39,4506142657622.04,12319326469724.40
1/19/2010,7812890993527.48,4509216598825.48,12322107592352.90
1/20/2010,7814389191716.30,4512991612980.52,12327380804696.80
1/21/2010,7783227771568.19,4516935476476.50,12300163248044.60
1/22/2010,7783157721690.45,4519307766226.89,12302465487917.30
1/25/2010,7783116255564.44,4520620231004.01,12303736486568.40
1/26/2010,7784089436840.31,4524797067961.63,12308886504801.90
1/27/2010,7784152852860.25,4517619468177.79,12301772321038.00
1/28/2010,7759907274242.18,4514524153795.10,12274431428037.20
1/29/2010,7759490293035.97,4519145704930.91,12278635997966.80
2/1/2010,7849809516401.30,4499654068666.12,12349463585067.40
2/2/2010,7849743504000.83,4511200485344.65,12360943989345.40
2/3/2010,7850078042131.27,4503963012715.63,12354041054846.90
2/4/2010,7840400752727.59,4506026717296.42,12346427470024.00
2/5/2010,7840318936380.99,4505191719769.04,12345510656150.00
2/8/2010,7840438774359.10,4507464180172.63,12347902954531.70
2/9/2010,7840806790629.45,4508660342109.04,12349467132738.40
2/10/2010,7840750213342.20,4499819986064.12,12340570199406.30
2/11/2010,7848015306528.53,4501309157755.75,12349324464284.20
2/12/2010,7847910569671.71,4503713622229.35,12351624191901.00
2/16/2010,7878008174978.63,4506349838757.69,12384358013736.30
2/17/2010,7878416869865.30,4508078666016.93,12386495535882.20
2/18/2010,7893641770933.09,4507806895875.21,12401448666808.30
2/19/2010,7893756033843.68,4508298801745.00,12402054835588.60
2/22/2010,7893549784639.46,4509477395015.75,12403027179655.20
2/23/2010,7893954003115.85,4515420676746.24,12409374679862.00
2/24/2010,7893872450323.33,4507908716546.69,12401781166870.00
2/25/2010,7928696226219.39,4504965366056.06,12433661592275.40
2/26/2010,7936671001094.13,4503397019620.34,12440068020714.40
3/1/2010,8024927072288.80,4482609390572.24,12507536462861.00
3/2/2010,8024978491495.22,4494445233990.17,12519423725485.30
3/3/2010,8026656594435.31,4482287703125.25,12508944297560.50
3/4/2010,8061072722591.94,4484417290440.35,12545490013032.20
3/5/2010,8060998180435.07,4483705748917.48,12544703929352.50
3/8/2010,8061258419021.54,4485113582858.19,12546372001879.70
3/9/2010,8061801246857.28,4490902268439.55,12552703515296.80
3/10/2010,8062096950036.58,4482292489771.87,12544389439808.40
3/11/2010,8091789616324.88,4483689874023.59,12575479490348.40
3/12/2010,8092153517935.97,4483525344965.64,12575678862901.60
3/15/2010,8152640856906.57,4484022099233.50,12636662956140.00
3/16/2010,8152882370691.23,4490819031838.32,12643701402529.50
3/17/2010,8153201235570.92,4486578243070.97,12639779478641.80
3/18/2010,8174187796569.78,4487108259737.47,12661296056307.20
3/19/2010,8174432602282.13,4486607125224.52,12661039727506.60
3/22/2010,8175095386996.26,4488277049838.84,12663372436835.10
3/23/2010,8175891420076.37,4495004360612.83,12670895780689.20
3/24/2010,8176387175629.41,4486079481890.41,12662466657519.80
3/25/2010,8200481797735.73,4487088355288.20,12687570153023.90
3/26/2010,8199959850024.50,4485933873781.20,12685893723805.70
3/29/2010,8199927347284.93,4486322450430.08,12686249797715.00
3/30/2010,8200073493391.96,4484497403388.84,12684570896780.80
3/31/2010,8290068831046.49,4483054265092.94,12773123096139.40
4/1/2010,8294870658096.94,4470008253521.24,12764878911618.10
4/2/2010,8294087559961.41,4468659639555.34,12762747199516.70
4/5/2010,8315716104736.67,4470842955615.91,12786559060352.50
4/6/2010,8315962211453.58,4477004907951.92,12792967119405.50
4/7/2010,8316888619597.41,4474985928856.75,12791874548454.10
4/8/2010,8347752339307.00,4478278967140.93,12826031306447.90
4/9/2010,8347537145021.94,4478150246183.76,12825687391205.70
4/12/2010,8347343971647.64,4479035484639.21,12826379456286.80
4/13/2010,8347257429111.42,4483935954579.27,12831193383690.60
4/14/2010,8348114710150.81,4475377726064.30,12823492436215.10
4/15/2010,8387443653676.46,4487175112402.83,12874618766079.20
4/16/2010,8387322253562.56,4490392052236.28,12877714305798.80
4/19/2010,8370106355832.40,4492943059383.98,12863049415216.30
4/20/2010,8370455550588.61,4500800114968.23,12871255665556.80
4/21/2010,8370635856604.98,4494878263881.90,12865514120486.80
4/22/2010,8354949497158.86,4517651773705.58,12872601270864.40
4/23/2010,8354793450103.36,4522402472271.55,12877195922374.90
4/26/2010,8354812455514.62,4525551552891.34,12880364008405.90
4/27/2010,8355547299451.72,4530768450131.24,12886315749582.90
4/28/2010,8355526853326.03,4521207220419.69,12876734073745.70
4/29/2010,8336007537907.99,4517092588980.45,12853100126888.40
4/30/2010,8434434625613.16,4514304290243.70,12948738915856.80
5/3/2010,8430105244349.23,4496915301977.90,12927020546327.10
5/4/2010,8430148415124.48,4510805519668.42,12940953934792.90
5/5/2010,8430747249336.39,4512747816799.74,12943495066136.10
5/6/2010,8415799575685.44,4517113749515.22,12932913325200.60
5/7/2010,8415799770763.18,4513141453866.37,12928941224629.50
5/10/2010,8416604417925.40,4510181059847.58,12926785477772.90
5/11/2010,8416456370414.73,4514701366878.69,12931157737293.40
5/12/2010,8417239340657.65,4505922637206.63,12923161977864.20
5/13/2010,8420541100207.82,4506870167721.42,12927411267929.20
5/14/2010,8420100716520.27,4506589063716.41,12926689780236.60
5/17/2010,8466170133514.44,4508725796702.12,12974895930216.50
5/18/2010,8466530667286.64,4518135997823.93,12984666665110.50
5/19/2010,8466739480001.79,4508552847566.18,12975292327567.90
5/20/2010,8476842609085.10,4510980063343.92,12987822672429.00
5/21/2010,8477106002143.38,4510690839193.13,12987796841336.50
5/24/2010,8477477676539.93,4511617732991.16,12989095409531.00
5/25/2010,8478414892595.20,4517364597849.32,12995779490444.50
5/26/2010,8479472082662.04,4507802040048.66,12987274122710.70
5/27/2010,8494713847016.31,4493202935692.24,12987916782708.50
5/28/2010,8494419432586.19,4498119698371.03,12992539130957.20
6/1/2010,8572779158729.50,4478047302157.47,13050826460886.90
6/2/2010,8573302330463.11,4484987520708.39,13058289851171.50
6/3/2010,8577329845866.97,4478920120533.15,13056249966400.10
6/4/2010,8577523981934.06,4473064027718.56,13050588009652.60
6/7/2010,8577579940852.39,4474624937434.37,13052204878286.70
6/8/2010,8577518574552.20,4479438474901.22,13056957049453.40
6/9/2010,8577892793467.92,4468255822302.87,13046148615770.70
6/10/2010,8572105359213.03,4469299984760.41,13041405343973.40
6/11/2010,8572070185728.23,4469138334968.94,13041208520697.10
6/14/2010,8572307301854.94,4470840967481.54,13043148269336.40
6/15/2010,8598961216076.43,4479459063934.24,13078420280010.60
6/16/2010,8599140401634.61,4473860297795.15,13073000699429.70
6/17/2010,8559008375869.96,4479868888096.82,13038877263966.70
6/18/2010,8559226843333.86,4479228872778.01,13038455716111.80
6/21/2010,8559135196620.45,4480918319141.73,13040053515762.10
6/22/2010,8559070797212.77,4487581850379.04,13046652647591.80
6/23/2010,8559676754753.46,4482173168892.48,13041849923645.90
6/24/2010,8556293486630.55,4481786497087.81,13038079983718.30
6/25/2010,8556551627690.59,4481754159120.66,13038305786811.20
6/28/2010,8555694983404.56,4483221853538.84,13038916836943.40
6/29/2010,8556448489602.01,4481094226101.80,13037542715703.80
6/30/2010,8633680393089.93,4569793360878.17,13203473753968.10
7/1/2010,8627008761347.43,4551308594868.30,13178317356215.70
7/2/2010,8627468791521.91,4547861940142.79,13175330731664.70
7/6/2010,8627544005512.35,4550100769069.28,13177644774581.60
7/7/2010,8627557422121.00,4554434292010.18,13181991714131.10
7/8/2010,8639388337726.93,4552846512587.28,13192234850314.20
7/9/2010,8639253753800.78,4554601126847.24,13193854880648.00
7/12/2010,8639110153263.24,4555412861114.99,13194523014378.20
7/13/2010,8639463545519.75,4559827310684.56,13199290856204.30
7/14/2010,8639660769988.28,4549844796227.55,13189505566215.80
7/15/2010,8687401404190.30,4552827117304.58,13240228521494.80
7/16/2010,8687636130749.29,4552267623701.44,13239903754450.70
7/19/2010,8687633750508.44,4555260091820.31,13242893842328.70
7/20/2010,8687662217654.16,4558336243562.14,13245998461216.30
7/21/2010,8687664673045.60,4549829773848.92,13237494446894.50
7/22/2010,8698302246088.76,4550851379781.62,13249153625870.30
7/23/2010,8697892974802.64,4550632022207.27,13248524997009.90
7/26/2010,8697919989698.74,4554110102335.32,13252030092034.00
7/27/2010,8698462195782.90,4559817908892.76,13258280104675.60
7/28/2010,8698368024749.86,4549425624353.00,13247793649102.80
7/29/2010,8702120743281.01,4544388117291.06,13246508860572.00
7/30/2010,8702457766405.64,4535269210484.39,13237726976890.00
8/2/2010,8771691103893.80,4525135555495.73,13296826659389.50
8/3/2010,8771462133533.12,4530175683617.83,13301637817150.90
8/4/2010,8771791514324.99,4530510162975.11,13302301677300.10
8/5/2010,8777035305005.64,4533852046660.16,13310887351665.80
8/6/2010,8777088587625.31,4533025681907.00,13310114269532.30
8/9/2010,8776823621528.39,4534426605934.48,13311250227462.80
8/10/2010,8778544682843.82,4541286254147.21,13319830936991.00
8/11/2010,8778639712764.28,4529232185228.65,13307871897992.90
8/12/2010,8787069744688.51,4529979092828.61,13317048837517.10
8/13/2010,8786780915472.22,4528637036402.78,13315417951875.00
8/16/2010,8825308128496.03,4531686059845.41,13356994188341.40
8/17/2010,8825395074863.64,4539344786476.89,13364739861340.50
8/18/2010,8825609393931.48,4528191617622.47,13353801011553.90
8/19/2010,8833840421104.71,4529387152836.97,13363227573941.60
8/20/2010,8833342442821.93,4528397468564.58,13361739911386.50
8/23/2010,8833234650714.33,4530043635116.97,13363278285831.30
8/24/2010,8833727680597.51,4537574019697.77,13371301700295.20
8/25/2010,8834183612860.18,4527170829387.77,13361354442247.90
8/26/2010,8849513131006.47,4526676608687.14,13376189739693.60
8/27/2010,8849570008347.77,4525652702637.31,13375222710985.00
8/30/2010,8849476780656.75,4520365187037.64,13369841967694.30
8/31/2010,8927061238060.48,4522591298974.57,13449652537035.00
9/1/2010,8924442908309.90,4502360465102.12,13426803373412.00
9/2/2010,8933215951978.85,4508841415050.43,13442057367029.20
9/3/2010,8933281399898.44,4502061771289.43,13435343171187.80
9/7/2010,8933304360324.20,4505466518706.54,13438770879030.70
9/8/2010,8933704283143.32,4501651237187.11,13435355520330.40
9/9/2010,8942517856604.11,4501978189534.38,13444496046138.40
9/10/2010,8942462559419.34,4499299837737.89,13441762397157.20
9/13/2010,8942553858943.34,4500889129950.06,13443442988893.40
9/14/2010,8942704712188.55,4497520786438.87,13440225498627.40
9/15/2010,9007121861472.49,4490905087664.07,13498026949136.50
9/16/2010,8970475166793.21,4494421486580.90,13464896653374.10
9/17/2010,8970272131896.87,4497473138485.90,13467745270382.70
9/20/2010,8970291578710.76,4499050879423.41,13469342458134.10
9/21/2010,8970801454312.80,4505860162339.30,13476661616652.10
9/22/2010,8970779433653.84,4500314736662.36,13471094170316.20
9/23/2010,8962078027778.79,4501398997308.79,13463477025087.50
9/24/2010,8962112145545.98,4504706138177.50,13466818283723.40
9/27/2010,8962045737733.70,4506128137096.38,13468173874830.00
9/28/2010,8963509129588.84,4509251954169.04,13472761083757.80
9/29/2010,8963900445439.19,4502371965926.43,13466272411365.60
9/30/2010,9022808423453.08,4538814607438.71,13561623030891.70
10/1/2010,9017223006275.57,4593624579534.52,13610847585810.00
10/4/2010,9017482214669.27,4599773341686.77,13617255556356.00
10/5/2010,9018180023701.53,4606172650471.26,13624352674172.70
10/6/2010,9018282657267.76,4606395539167.31,13624678196435.00
10/7/2010,9007701456838.87,4607973492429.04,13615674949267.90
10/8/2010,9007653862241.36,4606398628473.36,13614052490714.70
10/12/2010,9005344956401.17,4607319776173.79,13612664732574.90
10/13/2010,9009424488282.75,4602875260710.61,13612299748993.30
10/14/2010,9005974021915.06,4600973072186.84,13606947094101.90
10/15/2010,9059271396291.56,4606655246964.40,13665926643255.90
10/18/2010,9060113086608.79,4608781386484.63,13668894473093.40
10/19/2010,9060556124903.72,4615553411418.37,13676109536322.00
10/20/2010,9061886738056.66,4606060638771.14,13667947376827.80
10/21/2010,9058644773549.47,4609338552428.84,13667983325978.30
10/22/2010,9058605750216.26,4609019241994.70,13667624992210.90
10/25/2010,9058663206824.61,4610696696671.05,13669359903495.60
10/26/2010,9059227318152.54,4614522248581.60,13673749566734.10
10/27/2010,9059338712702.84,4604552554520.48,13663891267223.30
10/28/2010,9059100952646.52,4599711504742.99,13658812457389.50
10/29/2010,9069879047803.52,4598946449537.84,13668825497341.30
11/1/2010,9133022353341.35,4580065553036.01,13713087906377.30
11/2/2010,9133584590439.72,4590389470419.50,13723974060859.20
11/3/2010,9133542345619.01,4585169484285.31,13718711829904.30
11/4/2010,9135679189836.64,4587760478603.54,13723439668440.10
11/5/2010,9135469398688.94,4587860661821.58,13723330060510.50
11/8/2010,9135409429433.01,4589757329750.45,13725166759183.40
11/9/2010,9135403570564.55,4591743828474.04,13727147399038.50
11/10/2010,9136758086733.07,4582789597013.42,13719547683746.40
11/12/2010,9137994773432.55,4583984692252.77,13721979465685.30
11/15/2010,9203788917732.66,4585224643761.06,13789013561493.70
11/16/2010,9204539480246.53,4590595230691.96,13795134710938.40
11/17/2010,9205210340121.50,4584068579581.12,13789278919702.60
11/18/2010,9202939173580.15,4585515968537.90,13788455142118.00
11/19/2010,9205331929626.46,4584367264902.87,13789699194529.30
11/22/2010,9205399986156.01,4589245757438.57,13794645743594.50
11/23/2010,9205377401824.96,4591627049102.72,13797004450927.60
11/24/2010,9205659465052.82,4582629810027.17,13788289275079.90
11/26/2010,9209402845753.97,4584840158610.91,13794243004364.80
11/29/2010,9209537226897.78,4580764926328.04,13790302153225.80
11/30/2010,9275024690843.88,4585749068174.55,13860773759018.40
12/1/2010,9269344310610.90,4565574271366.13,13834918581977.00
12/2/2010,9270171314129.54,4570794924923.61,13840966239053.10
12/3/2010,9270119745304.06,4563391993688.14,13833511738992.20
12/6/2010,9270196784106.59,4564627952954.01,13834824737060.60
12/7/2010,9270374861308.27,4568115453189.37,13838490314497.60
12/8/2010,9288916003126.37,4558968129983.24,13847884133109.60
12/9/2010,9289342021415.41,4557152826154.45,13846494847569.80
12/10/2010,9289427992748.62,4557257758328.56,13846685751077.10
12/13/2010,9289287583176.89,4558729573572.20,13848017156749.00
12/14/2010,9289558090308.30,4563031240603.53,13852589330911.80
12/15/2010,9324634043036.62,4555151011543.50,13879785054580.10
12/16/2010,9321691439320.33,4557145911830.29,13878837351150.60
12/17/2010,9323762654615.76,4559637415544.11,13883400070159.80
12/20/2010,9323679506642.29,4544781782203.52,13868461288845.80
12/21/2010,9323889939205.17,4543587143768.54,13867477082973.70
12/22/2010,9324459559239.73,4534069812361.36,13858529371601.00
12/23/2010,9326422269083.83,4538754294102.48,13865176563186.30
12/24/2010,9326420947617.17,4539724342987.52,13866145290604.60
12/27/2010,9326361803446.91,4547638465798.73,13874000269245.60
12/28/2010,9327486030729.88,4549744325203.12,13877230355933.00
12/29/2010,9327651808773.26,4543297873206.16,13870949681979.40
12/30/2010,9327743778364.03,4543386575453.37,13871130353817.40
12/31/2010,9390476088043.35,4634739130665.17,14025215218708.50
1/3/2011,9385079979612.71,4612852802216.18,13997932781828.80
1/4/2011,9384994677498.73,4629054365795.68,14014049043294.40
1/5/2011,9384965101319.63,4626561626576.22,14011526727895.80
1/6/2011,9383215327180.01,4628577843801.71,14011793170981.70
1/7/2011,9383237402043.07,4626184962502.96,14009422364546.00
1/10/2011,9382983184150.78,4631361824867.85,14014345009018.60
1/11/2011,9383473336671.16,4636086230916.70,14019559567587.80
1/12/2011,9383200281716.37,4627189206395.19,14010389488111.50
1/13/2011,9377204236563.68,4630012738813.91,14007216975377.50
1/14/2011,9377350492041.16,4630593044829.99,14007943536871.10
1/18/2011,9415963819710.17,4636417010832.63,14052380830542.80
1/19/2011,9415973770693.35,4637538379755.10,14053512150448.40
1/20/2011,9415286484402.29,4641026990530.29,14056313474932.50
1/21/2011,9415228617099.55,4644908342366.96,14060136959466.50
1/24/2011,9415046930068.41,4647192974752.28,14062239904820.60
1/25/2011,9415106119260.54,4652366015858.11,14067472135118.60
1/26/2011,9414993965006.02,4645017264550.36,14060011229556.30
1/27/2011,9410276848548.23,4649132311130.19,14059409159678.40
1/28/2011,9412882434158.15,4643629929471.20,14056512363629.30
1/31/2011,9485416860164.29,4645634195846.55,14131051056010.80
2/1/2011,9482575172379.45,4627267706524.08,14109842878903.50
2/2/2011,9482735273832.17,4633777159576.52,14116512433408.60
2/3/2011,9470979051382.32,4629447969498.62,14100427020880.90
2/4/2011,9471076036751.63,4628747634553.43,14099823671305.00
2/7/2011,9471051926030.05,4632969811221.48,14104021737251.50
2/8/2011,9471150634328.07,4639270175734.21,14110420810062.20
2/9/2011,9471221510094.19,4627567603687.13,14098789113781.30
2/10/2011,9455138178100.21,4628207587981.94,14083345766082.10
2/11/2011,9455006722927.41,4627705999407.52,14082712722334.90
2/14/2011,9453956356386.45,4627604968295.38,14081561324681.80
2/15/2011,9502102547695.89,4635982572515.77,14138085120211.60
2/16/2011,9502216756164.15,4627672934213.35,14129889690377.50
2/17/2011,9490705812100.38,4632883495090.15,14123589307190.50
2/18/2011,9490899277201.22,4633932602590.10,14124831879791.30
2/22/2011,9491474775494.95,4637081872167.73,14128556647662.60
2/23/2011,9492079418519.44,4633383257788.07,14125462676307.50
2/24/2011,9485547122223.65,4634260699795.84,14119807822019.40
2/25/2011,9511339835005.19,4626201263867.52,14137541098872.70
2/28/2011,9565541417510.14,4629222921952.50,14194764339462.60
3/1/2011,9562563775550.10,4610393814306.52,14172957589856.60
3/2/2011,9562608771779.38,4615916336488.22,14178525108267.60
3/3/2011,9571009627588.32,4611076571468.69,14182086199057.00
3/4/2011,9571126198972.77,4611500985908.26,14182627184881.00
3/7/2011,9571237801717.37,4614931001963.10,14186168803680.40
3/8/2011,9571514785739.56,4621661967732.06,14193176753471.60
3/9/2011,9572070258391.50,4610593589972.50,14182663848364.00
3/10/2011,9551255398880.23,4612177672255.04,14163433071135.20
3/11/2011,9552087457389.01,4612272903889.84,14164360361278.80
3/14/2011,9552467551218.67,4613563236561.13,14166030787779.80
3/15/2011,9618473765645.37,4619478511253.32,14237952276898.60
3/16/2011,9619622421602.38,4613227572352.72,14232849993955.10
3/17/2011,9604705993165.07,4619024281015.73,14223730274180.80
3/18/2011,9605322229226.30,4619540191693.03,14224862420919.30
3/21/2011,9605221355491.66,4622971770647.06,14228193126138.70
3/22/2011,9605587421665.94,4627971862026.46,14233559283692.40
3/23/2011,9605524165923.99,4619473930287.72,14224998096211.70
3/24/2011,9589761022374.59,4620310826478.51,14210071848853.10
3/25/2011,9589726447637.34,4621807104003.63,14211533551640.90
3/28/2011,9589953849874.55,4621613813056.68,14211567662931.20
3/29/2011,9590134857289.87,4625609340398.39,14215744197688.20
3/30/2011,9590804946759.17,4619335041477.56,14210139988236.70
3/31/2011,9651643154138.73,4618471376661.65,14270114530800.30
4/1/2011,9649667078138.63,4601507438169.85,14251174516308.40
4/4/2011,9650003952066.04,4593927612150.53,14243931564216.50
4/5/2011,9649972136434.37,4612172326463.57,14262144462897.90
4/6/2011,9649960380158.64,4609801606721.02,14259761986879.60
4/7/2011,9652195544012.12,4612049982299.46,14264245526311.50
4/8/2011,9652196858759.48,4613186275260.05,14265383134019.50
4/11/2011,9652587224970.63,4615173314221.26,14267760539191.80
4/12/2011,9652592140320.38,4620401463297.06,14272993603617.40
4/13/2011,9652808590790.24,4611338768256.04,14264147359046.20
4/14/2011,9657636099303.31,4613156019881.58,14270792119184.80
4/15/2011,9679202714701.01,4626133866291.10,14305336580992.10
4/18/2011,9679522848142.48,4629636249735.17,14309159097877.60
4/19/2011,9680021693766.99,4640446861324.69,14320468555091.60
4/20/2011,9680052848645.78,4634743988389.98,14314796837035.70
4/21/2011,9650447904606.47,4640340756644.03,14290788661250.50
4/22/2011,9650617368582.25,4642625401772.57,14293242770354.80
4/25/2011,9650914438107.38,4648015582591.15,14298930020698.50
4/26/2011,9651121964676.35,4653288543049.75,14304410507726.10
4/27/2011,9648789481220.81,4646338344588.29,14295127825809.10
4/28/2011,9641079277378.41,4641518820162.34,14282598097540.70
4/29/2011,9654950165830.41,4632679886492.71,14287630052323.10
5/2/2011,9698020425418.20,4622629230674.40,14320649656092.60
5/3/2011,9698303861133.10,4633488579764.66,14331792440897.70
5/4/2011,9698384234058.33,4635429256577.71,14333813490636.00
5/5/2011,9680662997068.88,4641004190682.67,14321667187751.50
5/6/2011,9680750181123.70,4641936724436.31,14322686905560.00
5/9/2011,9681179453898.66,4644605091889.65,14325784545788.30
5/10/2011,9681417347166.90,4650105450714.71,14331522797881.60
5/11/2011,9681617664759.55,4640440091757.58,14322057756517.10
5/12/2011,9666109562809.12,4641689778754.69,14307799341563.80
5/13/2011,9666271678566.97,4642113503083.13,14308385181650.10
5/16/2011,9717694227528.65,4627843278273.80,14345537505802.40
5/17/2011,9708669803594.86,4636855058765.22,14345524862360.00
5/18/2011,9718512519012.13,4626999697976.90,14345512216989.00
5/19/2011,9716152725750.72,4629358121484.54,14345510847235.20
5/20/2011,9717285305168.49,4628213097570.29,14345498402738.70
5/23/2011,9716224504953.51,4629236562052.56,14345461067006.00
5/24/2011,9712166006111.72,4633282614630.08,14345448620741.80
5/25/2011,9722806787651.37,4622629386545.07,14345436174196.40
5/26/2011,9717578735257.76,4627861778721.61,14345440513979.30
5/27/2011,9717863843755.13,4627564361089.06,14345428204844.10
5/31/2011,9723456023743.74,4621212257467.27,14344668281211.00
6/1/2011,9736528968465.76,4608126997848.59,14344655966314.30
6/2/2011,9735616790661.91,4609089646379.59,14344706437041.50
6/3/2011,9741263236751.71,4603431155465.53,14344694392217.20
6/6/2011,9738557389966.16,4606100865260.68,14344658255226.80
6/7/2011,9734031249304.81,4610614959437.02,14344646208741.80
6/8/2011,9743261382320.32,4601372779544.67,14344634161864.90
6/9/2011,9750040419177.27,4594597730633.19,14344638149810.40
6/10/2011,9750131124994.24,4594495107134.72,14344626232128.90
6/13/2011,9747653568358.75,4596936907833.59,14344590476192.30
6/14/2011,9741977263044.44,4602601293687.51,14344578556731.90
6/15/2011,9747701949829.86,4596864686996.40,14344566636826.20
6/16/2011,9742786662565.22,4601784623584.65,14344571286149.80
6/17/2011,9739505895791.96,4605053616132.96,14344559511924.90
6/20/2011,9738107728289.57,4606416457778.62,14344524186068.10
6/21/2011,9732784354381.01,4611728055663.13,14344512410044.10
6/22/2011,9741622782226.81,4602877851349.46,14344500633576.20
6/23/2011,9738039057343.52,4606464350365.41,14344503407708.90
6/24/2011,9739123756153.88,4605368034978.83,14344491791132.70
6/27/2011,9736653232836.52,4607803705337.67,14344456938174.10
6/28/2011,9731228079037.89,4613217240768.50,14344445319806.30
6/29/2011,9738245826816.95,4606187874075.46,14344433700892.40
6/30/2011,9742223364846.58,4600864275161.82,14343087640008.40
7/1/2011,9761785482183.79,4581293783933.33,14343079266117.10
7/5/2011,9754032683356.88,4589000503321.67,14343033186678.50
7/6/2011,9748841925620.21,4594179923367.02,14343021848987.20
7/7/2011,9749919434766.85,4593102490576.26,14343021925343.10
7/8/2011,9749084964821.45,4593925745716.13,14343010710537.50
7/11/2011,9744962661098.09,4598014404794.64,14342977065892.70
7/12/2011,9741328212172.62,4601637637955.58,14342965850128.20
7/13/2011,9752020265772.31,4590934368144.10,14342954633916.40
7/14/2011,9750503934099.81,4592449951542.17,14342953885641.90
7/15/2011,9753604438381.32,4589338435311.53,14342942873692.80
7/18/2011,9753843228975.15,4589066340353.59,14342909569328.70
7/19/2011,9753904328297.12,4588994138771.95,14342898467069.00
7/20/2011,9753657737209.51,4589229627152.31,14342887364361.80
7/21/2011,9747385038148.48,4595499906847.80,14342884944996.20
7/22/2011,9748189073389.64,4594684906653.27,14342873980042.90
7/25/2011,9747197103331.70,4595643979717.97,14342841083049.60
7/26/2011,9747272360004.06,4595557756547.22,14342830116551.20
7/27/2011,9747742929867.95,4595076219736.81,14342819149604.70
7/28/2011,9753190109078.68,4589675776227.78,14342865885306.40
7/29/2011,9755795681448.82,4586573604746.79,14342369286195.60
8/1/2011,9783069049952.69,4559289391016.41,14342358440969.10
8/2/2011,9907752744860.54,4672951998220.43,14580704743080.90
8/3/2011,9907654619535.26,4666953320526.99,14574607940062.20
8/4/2011,9894847066139.37,4670123101570.01,14564970167709.30
8/5/2011,9914994383088.84,4669506456237.02,14584500839325.80
8/8/2011,9915515946703.07,4672211658740.37,14587727605443.40
8/9/2011,9915945812737.81,4676045686788.21,14591991499526.00
8/10/2011,9916296448358.23,4665660932951.55,14581957381309.70
8/11/2011,9921146601533.97,4666764704461.98,14587911305995.90
8/12/2011,9921178729715.63,4666014140707.02,14587192870422.60
8/15/2011,9946617880447.03,4668949467756.68,14615567348203.70
8/16/2011,9946506731022.45,4645735484619.45,14592242215641.90
8/17/2011,9946351371658.73,4666841790105.64,14613193161764.30
8/18/2011,9952610019891.79,4667586563532.41,14620196583424.20
8/19/2011,9972502845412.93,4666736722461.45,14639239567874.30
8/22/2011,9972289792411.94,4640145705926.68,14612435498338.60
8/23/2011,9973104150361.44,4676185519986.41,14649289670347.80
8/24/2011,9973599668211.01,4665507584890.10,14639107253101.10
8/25/2011,9989043750341.79,4664504136014.32,14653547886356.10
8/26/2011,9990047413541.98,4663780779375.37,14653828192917.30
8/29/2011,9989974192571.08,4634818497222.78,14624792689793.80
8/30/2011,9990126772846.86,4632518164730.04,14622644937576.90
8/31/2011,10024253354407.00,4660039640336.86,14684292994743.90
9/1/2011,10058384678037.30,4639030111526.08,14697414789563.40
9/2/2011,10058566898840.40,4636295467320.50,14694862366160.90
9/6/2011,10058276781058.20,4640348769249.11,14698625550307.30
9/7/2011,10073860042745.80,4643896972299.96,14717757015045.80
9/8/2011,10067649034359.50,4617901351553.68,14685550385913.10
9/9/2011,10067728635010.60,4644008563467.24,14711737198477.90
9/12/2011,10067694973854.20,4620564400427.00,14688259374281.20
9/13/2011,10067653336814.70,4650214721531.49,14717868058346.20
9/14/2011,10067922521846.90,4615987949859.08,14683910471705.90
9/15/2011,10079888378192.40,4617075191590.25,14696963569782.70
9/16/2011,10080080631490.90,4618940999722.12,14699021631213.00
9/19/2011,10080320100313.90,4649168847437.91,14729488947751.80
9/20/2011,10080809758642.60,4631060367975.86,14711870126618.40
9/21/2011,10080805928039.90,4624382158952.04,14705188086992.00
9/22/2011,10074726277456.50,4652064130497.22,14726790407953.70
9/23/2011,10074503215028.60,4625536857585.03,14700040072613.70
9/26/2011,10074320979566.40,4629685092895.42,14704006072461.80
9/27/2011,10074870647552.40,4632536173039.46,14707406820591.80
9/28/2011,10075624342810.50,4626258826982.71,14701883169793.20
9/29/2011,10074983373804.20,4620118734433.74,14695102108238.00
9/30/2011,10127031384654.10,4663308943903.05,14790340328557.10
10/3/2011,10124029835382.10,4713069435814.52,14837099271196.70
10/4/2011,10124774418608.80,4732085079796.87,14856859498405.70
10/5/2011,10126264037263.60,4731786654805.83,14858050692069.50
10/6/2011,10126447025572.80,4710329340283.71,14836776365856.50
10/7/2011,10126551131197.20,4733772908417.74,14860324039615.00
10/11/2011,10127786307131.40,4735526100719.87,14863312407851.30
10/12/2011,10138026553418.90,4730191743007.12,14868218296426.00
10/13/2011,10141999977124.10,4731884360644.83,14873884337768.90
10/14/2011,10142237591394.70,4731808076896.65,14874045668291.30
10/17/2011,10198403129042.50,4738189198048.87,14936592327091.30
10/18/2011,10198932063606.30,4743818625354.62,14942750688961.00
10/19/2011,10195956444545.80,4735339742387.34,14931296186933.20
10/20/2011,10201887849313.90,4738478061404.20,14940365910718.10
10/21/2011,10201754496207.70,4737478051777.36,14939232547985.00
10/24/2011,10202215760459.30,4738455946006.36,14940671706465.70
10/25/2011,10202338144617.90,4741275154156.73,14943613298774.70
10/26/2011,10203338428742.40,4733670316072.01,14937008744814.40
10/27/2011,10205557724099.20,4734017924489.21,14939575648588.50
10/28/2011,10205922905154.50,4731935815905.51,14937858721060.00
10/31/2011,10256015431383.40,4737693612757.32,14993709044140.70
11/1/2011,10253008613589.30,4718822407588.93,14971831021178.30
11/2/2011,10253508372381.80,4724454301982.03,14977962674363.80
11/3/2011,10260659189975.90,4712569418429.10,14973228608405.00
11/4/2011,10260247910781.50,4712417370039.35,14972665280820.90
11/7/2011,10260689267841.90,4715819343531.92,14976508611373.80
11/8/2011,10261087417873.70,4721356135505.69,14982443553379.40
11/9/2011,10262257416334.60,4711045986236.35,14973303402570.90
11/10/2011,10267801873620.80,4711808476121.88,14979610349742.60
11/14/2011,10265476725043.10,4712408155791.26,14977884880834.30
11/15/2011,10314468105168.00,4719139150752.30,15033607255920.30
11/16/2011,10314851681498.60,4712142166380.47,15026993847879.10
11/17/2011,10325335447717.60,4714014876871.62,15039350324589.20
11/18/2011,10324967673736.30,4715240434459.02,15040208108195.30
11/21/2011,10325469036788.10,4716819366230.27,15042288403018.40
11/22/2011,10326530350389.40,4721461154539.92,15047991504929.30
11/23/2011,10327032829692.90,4708848186276.23,15035881015969.20
11/25/2011,10334937010056.10,4713938923709.79,15048875933765.90
11/28/2011,10334597846100.20,4717075749097.65,15051673595197.90
11/29/2011,10335777593095.80,4718386028275.48,15054163621371.20
11/30/2011,10389957793202.00,4720540767674.72,15110498560876.70
12/1/2011,10388035936824.70,4700405850582.91,15088441787407.60
12/2/2011,10387865370953.70,4685515330635.82,15073380701589.50
12/5/2011,10388034907379.00,4680098996590.09,15068133903969.10
12/6/2011,10388145024427.00,4683479770543.57,15071624794970.60
12/7/2011,10388925542612.90,4657472182792.25,15046397725405.10
12/8/2011,10392391725777.70,4658769264160.46,15051160989938.20
12/9/2011,10392439099182.30,4660005324540.44,15052444423722.80
12/12/2011,10392040126793.80,4661978150775.19,15054018277569.00
12/13/2011,10393083805735.30,4667190276563.55,15060274082298.80
12/14/2011,10393197416021.80,4658088781127.92,15051286197149.70
12/15/2011,10438188563266.20,4659909923522.53,15098098486788.80
12/16/2011,10438212605541.40,4661284854816.17,15099497460357.50
12/19/2011,10438496162212.80,4665558505478.65,15104054667691.40
12/20/2011,10438749210895.60,4693230053393.20,15131979264288.80
12/21/2011,10438970821141.70,4684870218248.61,15123841039390.30
12/22/2011,10438018324483.40,4685710103496.67,15123728427980.10
12/23/2011,10438083548502.90,4690489711487.65,15128573259990.50
12/27/2011,10437577254548.40,4693006077946.44,15130583332494.90
12/28/2011,10438072316399.90,4687133457664.18,15125205774064.00
12/29/2011,10435856848934.80,4690042127462.32,15125898976397.10
12/30/2011,10447662851807.10,4775277193643.94,15222940045451.00
1/3/2012,10481500229395.00,4744717259257.24,15226217488652.30
1/4/2012,10481673696216.90,4754868551273.95,15236542247490.80
1/5/2012,10480172546585.00,4756369353388.09,15236541899973.10
1/6/2012,10479995098494.80,4756537862102.85,15236532960597.70
1/9/2012,10479710007297.10,4756796132689.76,15236506139986.80
1/10/2012,10479782125048.10,4756715073851.62,15236497198899.70
1/11/2012,10479760763533.80,4756546312097.71,15236307075631.50
1/12/2012,10479482014785.70,4756850219062.58,15236332233848.30
1/13/2012,10479256097326.80,4757067299073.57,15236323396400.40
1/17/2012,10489003852225.70,4747284209332.89,15236288061558.60
1/18/2012,10486879731480.60,4749399490377.71,15236279221858.30
1/19/2012,10484316260480.30,4751964475207.46,15236280735687.70
1/20/2012,10482317023993.20,4753954855799.55,15236271879792.70
1/23/2012,10480362319987.50,4755882989882.15,15236245309869.60
1/24/2012,10474499550118.70,4761736902261.76,15236236452380.40
1/25/2012,10483288572827.10,4752939021592.20,15236227594419.30
1/26/2012,10479009838168.30,4757221950271.85,15236231788440.20
1/27/2012,10478934933314.20,4757287974166.40,15236222907480.60
1/30/2012,10515737118509.60,4779315460208.41,15295052578718.00
1/31/2012,10572374387699.00,4783766105917.00,15356140493616.00
2/1/2012,10567695900899.90,4763082218950.67,15330778119850.60
2/2/2012,10577905838990.40,4773500455650.03,15351406294640.40
2/3/2012,10577697734689.60,4757410548648.97,15335108283338.50
2/6/2012,10577280116477.20,4760601541440.91,15337881657918.10
2/7/2012,10577647703529.60,4765857163256.05,15343504866785.60
2/8/2012,10577836905016.20,4757829310364.84,15335666215381.00
2/9/2012,10596905857448.20,4758933063573.88,15355838921022.10
2/10/2012,10596675638209.00,4757433068699.51,15354108706908.50
2/13/2012,10596768009341.40,4758430326052.17,15355198335393.60
2/14/2012,10596773910422.00,4762610253497.43,15359384163919.50
2/15/2012,10636670644323.10,4755064982687.06,15391735627010.10
2/16/2012,10655376243337.80,4757654741504.25,15413030984842.10
2/17/2012,10655355371776.70,4761238608236.30,15416593980013.00
2/21/2012,10656186702155.50,4763613520169.61,15419800222325.10
2/22/2012,10656161387513.90,4760162256532.79,15416323644046.70
2/23/2012,10675481199498.80,4760213356534.47,15435694556033.20
2/24/2012,10675327157594.40,4762660691866.44,15437987849460.90
2/27/2012,10674959196269.00,4763558866421.36,15438518062690.30
2/28/2012,10675494440597.70,4766626543066.16,15442120983663.80
2/29/2012,10722996298868.20,4765894997379.80,15488891296248.00
3/1/2012,10755610818537.10,4745403897606.53,15501014716143.70
3/2/2012,10756483483823.90,4733390167773.52,15489873651597.40
3/5/2012,10755894456550.20,4736088795646.23,15491983252196.40
3/6/2012,10756417042057.90,4742606587624.54,15499023629682.40
3/7/2012,10757197476823.10,4741109215804.82,15498306692627.90
3/8/2012,10773363801666.70,4744430840644.47,15517794642311.20
3/9/2012,10773406301523.00,4743645422625.81,15517051724148.90
3/12/2012,10773694877424.20,4745445998506.59,15519140875930.80
3/13/2012,10773922169212.30,4750255680277.26,15524177849489.60
3/14/2012,10774728192008.90,4741721753574.83,15516449945583.70
3/15/2012,10820114556380.30,4744695335387.67,15564809891767.90
3/16/2012,10820230118370.30,4746340711375.56,15566570829745.90
3/19/2012,10820995644405.10,4753242723699.78,15574238368104.80
3/20/2012,10821663264464.00,4761720581685.30,15583383846149.30
3/21/2012,10822368538138.90,4752060026059.35,15574428564198.30
3/22/2012,10831253572880.50,4753652321246.69,15584905894127.20
3/23/2012,10831324748289.10,4754251292044.54,15585576040333.70
3/26/2012,10831320189378.90,4754754380661.89,15586074570040.70
3/27/2012,10831917653124.40,4757489762037.23,15589407415161.70
3/28/2012,10832837712665.40,4747374090874.03,15580211803539.40
3/29/2012,10833979740152.00,4745873206305.64,15579852946457.60
3/30/2012,10846824546943.10,4735254134245.54,15582078681188.60
4/2/2012,10883217233063.80,4737108765340.09,15620325998403.90
4/3/2012,10885892840514.60,4730953734424.54,15616846574939.20
4/4/2012,10886893993272.90,4730828550805.99,15617722544078.90
4/5/2012,10884566084027.50,4735174086380.79,15619740170408.30
4/6/2012,10884645947631.20,4733994331951.64,15618640279582.90
4/9/2012,10884773109942.40,4736672624190.38,15621445734132.80
4/10/2012,10885339078286.00,4741493518408.95,15626832596694.90
4/11/2012,10886106101181.90,4731981942323.66,15618088043505.60
4/12/2012,10880527647709.20,4734467120134.11,15614994767843.30
4/13/2012,10880890738953.60,4734835298368.98,15615726037322.60
4/16/2012,10903326597003.30,4751311928394.28,15654638525397.60
4/17/2012,10903987805036.20,4757586427562.61,15661574232598.80
4/18/2012,10905376996162.00,4755359667725.93,15660736663887.90
4/19/2012,10857988065192.90,4757602909829.41,15615590975022.30
4/20/2012,10858146916544.60,4759211613825.31,15617358530369.90
4/23/2012,10858204873838.20,4761969175722.01,15620174049560.20
4/24/2012,10859176801419.80,4769089697288.18,15628266498708.00
4/25/2012,10860722926433.70,4762562602020.67,15623285528454.40
4/26/2012,10859267672675.60,4765079937801.18,15624347610476.80
4/27/2012,10859635596261.40,4764061611155.98,15623697207417.30
4/30/2012,10916070898102.60,4776297169202.55,15692368067305.20
5/1/2012,10910025382723.60,4763204355656.32,15673229738379.90
5/2/2012,10910384630060.60,4770111266079.90,15680495896140.50
5/3/2012,10913530062318.10,4757672418324.80,15671202480642.90
5/4/2012,10913690789940.80,4758225566670.49,15671916356611.30
5/7/2012,10913955899019.90,4761835464384.18,15675791363404.10
5/8/2012,10915510337547.00,4770216648169.41,15685726985716.40
5/9/2012,10916058482863.80,4757989250627.14,15674047733490.90
5/10/2012,10915030363661.60,4759658813596.90,15674689177258.50
5/11/2012,10915075816618.90,4759106950855.39,15674182767474.30
5/14/2012,10915800604714.10,4761195669146.70,15676996273860.80
5/15/2012,10949749784031.70,4766365828773.32,15716115612805.00
5/16/2012,10950509043850.50,4758244627917.05,15708753671767.60
5/17/2012,10948486191634.10,4764336944091.69,15712823135725.80
5/18/2012,10948855483645.50,4763351173565.46,15712206657211.00
5/21/2012,10949502921153.00,4765958241336.18,15715461162489.20
5/22/2012,10950290226363.30,4770928381083.70,15721218607447.00
5/23/2012,10951299857320.30,4762997758335.26,15714297615655.60
5/24/2012,10950490306884.60,4761956061359.05,15712446368243.60
5/25/2012,10951528241764.20,4760072704441.70,15711600946205.90
5/29/2012,10952470917520.50,4761184685432.64,15713655602953.20
5/30/2012,10954585521570.60,4762039778880.08,15716625300450.60
5/31/2012,11006251094374.20,4764433990989.88,15770685085364.10
6/1/2012,10999593160297.40,4725314204697.59,15724907364995.00
6/4/2012,10999932869500.00,4728179533359.84,15728112402859.90
6/5/2012,11000515237603.80,4732894045596.37,15733409283200.10
6/6/2012,11001065979467.20,4733530598991.36,15734596578458.50
6/7/2012,10999256703473.70,4734112728667.11,15733369432140.80
6/8/2012,10999228502957.50,4736135170288.27,15735363673245.80
6/11/2012,10999435913618.60,4738474273896.26,15737910187514.80
6/12/2012,11000145858591.50,4744214841473.33,15744360700064.80
6/13/2012,11000730870069.90,4734451553701.81,15735182423771.70
6/14/2012,10999463838302.90,4737507256169.20,15736971094472.10
6/15/2012,11031842483539.40,4740334867907.65,15772177351447.10
6/18/2012,11032176950396.60,4743962290613.72,15776139241010.30
6/19/2012,11032615107666.40,4752061511444.19,15784676619110.60
6/20/2012,11033476255793.30,4744478331388.64,15777954587181.90
6/21/2012,11032512442636.90,4747130919847.73,15779643362484.60
6/22/2012,11033193124032.90,4745245475535.32,15778438599568.20
6/25/2012,11033363467103.20,4749206676994.76,15782570144097.90
6/26/2012,11034027517141.20,4755076516462.50,15789104033603.70
6/27/2012,11034318733444.30,4744631810028.35,15778950543472.60
6/28/2012,11036289442346.10,4744710478174.00,15780999920520.10
6/29/2012,11044184844611.60,4812182369712.78,15856367214324.40
7/2/2012,11076020074625.50,4812721784195.16,15888741858820.60
7/3/2012,11076313978755.10,4804672485570.17,15880986464325.20
7/5/2012,11072381954476.80,4804270358074.45,15876652312551.20
7/6/2012,11072437860842.30,4807090748132.78,15879528608975.10
7/9/2012,11071876450979.40,4807389862093.78,15879266313073.20
7/10/2012,11072592982308.60,4813261773042.82,15885854755351.40
7/11/2012,11073524054554.90,4802933590577.69,15876457645132.60
7/12/2012,11066746703446.60,4804765478265.57,15871512181712.20
7/13/2012,11066640739934.50,4804525972336.26,15871166712270.80
7/16/2012,11066237719888.30,4809496953627.71,15875734673516.00
7/17/2012,11066615562739.40,4817540366892.63,15884155929632.00
7/18/2012,11066988899700.60,4807057816176.88,15874046715877.50
7/19/2012,11065796026724.70,4808569430535.65,15874365457260.40
7/20/2012,11065736754477.20,4809139655049.20,15874876409526.40
7/23/2012,11065934893561.90,4811299185424.01,15877234078986.00
7/24/2012,11065979692064.00,4816511430001.61,15882491122065.60
7/25/2012,11067062751057.70,4807796571710.63,15874859322768.40
7/26/2012,11065908268504.30,4813647975548.64,15879556244052.90
7/27/2012,11065716086357.70,4812658409040.72,15878374495398.40
7/30/2012,11063292493497.60,4810474885352.48,15873767378850.10
7/31/2012,11122281549948.20,4810953087545.33,15933234637493.50
8/1/2012,11115442428314.10,4791696231966.83,15907138660280.90
8/2/2012,11121967405758.70,4798623633333.10,15920591039091.80
8/3/2012,11121816561855.30,4782812086240.78,15904628648096.10
8/6/2012,11121617834221.00,4787081691707.40,15908699525928.40
8/7/2012,11120600690794.30,4791461552430.39,15912062243224.70
8/8/2012,11122338169886.60,4781603222549.65,15903941392436.30
8/9/2012,11132675901932.00,4783138555987.44,15915814457919.40
8/10/2012,11132489250370.20,4782484148992.25,15914973399362.50
8/13/2012,11131954707899.80,4783592682240.06,15915547390139.90
8/14/2012,11132186945483.10,4787301064959.67,15919488010442.70
8/15/2012,11165408618916.90,4779461066977.98,15944869685894.90
8/16/2012,11175825918961.70,4782133736225.44,15957959655187.20
8/17/2012,11175374895979.90,4786679954417.99,15962054850397.90
8/20/2012,11176502309547.00,4788264992659.62,15964767302206.60
8/21/2012,11176851754468.80,4793283183136.12,15970134937605.00
8/22/2012,11177326036578.90,4783142485532.25,15960468522111.20
8/23/2012,11197966497649.10,4778552531494.99,15976519029144.10
8/24/2012,11198007315885.90,4776802391643.18,15974809707529.10
8/27/2012,11197621562031.90,4777600638525.35,15975222200557.20
8/28/2012,11198791218734.00,4780127371177.68,15978918589911.70
8/29/2012,11199295723839.40,4778889047319.83,15978184771159.20
8/30/2012,11213991682162.50,4776549410229.34,15990541092391.90
8/31/2012,11272625663662.50,4743144124553.23,16015769788215.80
9/4/2012,11269761164215.90,4738299136863.25,16008060301079.10
9/5/2012,11270527020333.40,4750157423801.15,16020684444134.50
9/6/2012,11295623345228.60,4749892066188.14,16045515411416.80
9/7/2012,11295522809686.60,4751157477149.74,16046680286836.30
9/10/2012,11295528899812.10,4752489410400.81,16048018310212.90
9/11/2012,11295621304307.60,4759332438911.51,16054953743219.10
9/12/2012,11296492509576.60,4749844767696.64,16046337277273.30
9/13/2012,11295909110775.40,4749769581955.17,16045678692730.60
9/14/2012,11295869555933.70,4749913661899.98,16045783217833.70
9/17/2012,11253166682472.70,4755771641408.20,16008938323880.90
9/18/2012,11253532918838.70,4767442276076.10,16020975194914.80
9/19/2012,11253971990768.90,4758999770525.61,16012971761294.50
9/20/2012,11253544111262.30,4760879912509.30,16014424023771.60
9/21/2012,11253321189602.60,4762780759767.40,16016101949370.00
9/24/2012,11253065682266.30,4764775380250.74,16017841062517.00
9/25/2012,11253309970641.30,4769432679783.02,16022742650424.30
9/26/2012,11253922532438.60,4761914765193.68,16015837297632.30
9/27/2012,11255558023360.20,4759573001202.25,16015131024562.50
9/28/2012,11269585800039.30,4796655607346.57,16066241407385.80
10/1/2012,11310911679511.80,4848575333788.52,16159487013300.30
10/2/2012,11311627814953.90,4859409528454.65,16171037343408.50
10/3/2012,11311359644683.30,4841958628331.68,16153318273015.00
10/4/2012,11314031454864.60,4847848402292.06,16161879857156.60
10/5/2012,11314089595433.60,4847777075908.41,16161866671342.00
10/9/2012,11314761053281.80,4853171242637.70,16167932295919.50
10/10/2012,11315585789064.00,4842167630147.18,16157753419211.10
10/11/2012,11317140908153.50,4841129958793.69,16158270866947.20
10/12/2012,11317167763621.30,4840375198761.73,16157542962383.10
10/15/2012,11343774321918.10,4847204946848.48,16190979268766.60
10/16/2012,11344378050606.90,4855196789064.38,16199574839671.30
10/17/2012,11344691191818.20,4848408997237.02,16193100189055.20
10/18/2012,11347330577919.50,4850843874295.66,16198174452215.20
10/19/2012,11347370869386.10,4848681518777.09,16196052388163.20
10/22/2012,11347954615678.30,4850723356096.12,16198677971774.40
10/23/2012,11348945054421.70,4854900391213.95,16203845445635.70
10/24/2012,11349517894900.90,4845273931773.91,16194791826674.80
10/25/2012,11353545059641.60,4843537494398.36,16197082554040.00
10/26/2012,11353950855146.30,4843864859164.35,16197815714310.70
10/29/2012,11354115044449.90,4844878509622.45,16198993554072.30
10/30/2012,11355484849726.00,4848576821378.81,16204061671104.80
10/31/2012,11411598060978.50,4849872449742.20,16261470510720.70
11/1/2012,11394220774305.90,4827464607532.34,16221685381838.20
11/2/2012,11394117713059.50,4812011315649.73,16206129028709.20
11/5/2012,11394522603668.80,4815436642865.26,16209959246534.10
11/6/2012,11394722312399.40,4819636511345.81,16214358823745.30
11/7/2012,11394949129703.30,4819032999503.96,16213982129207.30
11/8/2012,11421836402771.00,4823482417798.33,16245318820569.30
11/9/2012,11421887080543.60,4822821626923.59,16244708707467.20
11/13/2012,11422499324967.00,4825793716036.45,16248293041003.50
11/14/2012,11423370010678.30,4821014083153.54,16244384093831.90
11/15/2012,11451166778937.40,4827765599583.50,16278932378520.90
11/16/2012,11451587527712.40,4829742388887.16,16281329916599.60
11/19/2012,11451717055433.80,4834393373365.27,16286110428799.00
11/20/2012,11452926620014.80,4839762861335.04,16292689481349.80
11/21/2012,11453560734889.30,4829601160290.54,16283161895179.80
11/23/2012,11474590079642.40,4832898863921.74,16307488943564.20
11/26/2012,11474648831627.20,4835089224735.16,16309738056362.40
11/27/2012,11476501231339.50,4841180535101.89,16317681766441.40
11/28/2012,11476984527323.00,4829728611145.81,16306713138468.80
11/29/2012,11493262670990.20,4829820778614.76,16323083449604.90
11/30/2012,11553200614797.90,4816348184806.98,16369548799604.90
12/3/2012,11546976256305.10,4791116687411.50,16338092943716.60
12/4/2012,11548068122481.40,4798987528898.83,16347055651380.30
12/5/2012,11548172135905.80,4789756642038.34,16337928777944.10
12/6/2012,11574843047483.10,4791593844464.86,16366436891948.00
12/7/2012,11574936359708.10,4790434215669.24,16365370575377.40
12/10/2012,11574850495101.20,4795205750828.40,16370056245929.60
12/11/2012,11576940588724.20,4798933840531.31,16375874429255.50
12/12/2012,11577233876580.10,4789188531059.82,16366422407639.90
12/13/2012,11579054310010.90,4790929849462.83,16369984159473.80
12/14/2012,11569505389531.30,4790071570045.10,16359576959576.40
12/17/2012,11559847855373.90,4791345666913.01,16351193522286.90
12/18/2012,11560260443165.40,4799498299742.35,16359758742907.70
12/19/2012,11562408370891.60,4789635413188.05,16352043784079.60
12/20/2012,11542501977534.60,4791715037538.86,16334217015073.40
12/21/2012,11543180708527.20,4793036652299.25,16336217360826.40
12/24/2012,11542901758423.80,4794654803109.81,16337556561533.60
12/26/2012,11543065624834.50,4794794575800.56,16337860200635.00
12/27/2012,11546343682876.90,4791899708870.10,16338243391747.00
12/28/2012,11546673477919.70,4789788074686.62,16336461552606.30
12/31/2012,11581517550395.00,4851212500174.05,16432730050569.10
1/2/2013,11577114260043.00,4855591654212.41,16432705914255.40
1/3/2013,11578257530277.50,4852961613419.03,16431219143696.50
1/4/2013,11577454260707.60,4855253002741.89,16432707263449.50
1/7/2013,11576942656816.70,4855728430954.89,16432671087771.60
1/8/2013,11577258793985.10,4855400234082.39,16432659028067.50
1/9/2013,11577058451453.10,4855588516966.52,16432646968419.60
1/10/2013,11577361703183.50,4855330426327.33,16432692129510.80
1/11/2013,11577420895333.80,4855259202279.98,16432680097613.80
1/14/2013,11576283283071.80,4856360713608.80,16432643996680.60
1/15/2013,11571499323932.40,4861132778356.26,16432632102288.60
1/16/2013,11580163620602.10,4852456446889.35,16432620067491.40
1/17/2013,11573578115566.80,4859053374287.89,16432631489854.70
1/18/2013,11573119153243.70,4859500271459.30,16432619424703.00
1/22/2013,11569641536510.20,4862929622901.30,16432571159411.50
